n_shots,constraint,level,n_candidates,lower,upper,enabled
3,quadrant,Q1,16,0,2,1
3,quadrant,Q2,13,0,2,1
3,quadrant,Q3,15,0,2,1
3,quadrant,Q4,13,0,2,1
3,radial,Inner,21,0,2,1
3,radial,Middle,22,0,2,1
3,radial,Outer,14,0,2,1
3,scan,Up,31,1,2,1
3,scan,Down,26,1,2,1
4,quadrant,Q1,16,0,2,1
4,quadrant,Q2,13,0,2,1
4,quadrant,Q3,15,0,2,1
4,quadrant,Q4,13,0,2,1
4,radial,Inner,21,0,3,1
4,radial,Middle,22,0,3,1
4,radial,Outer,14,0,3,1
4,scan,Up,31,2,2,1
4,scan,Down,26,2,2,1
5,quadrant,Q1,16,0,3,1
5,quadrant,Q2,13,0,3,1
5,quadrant,Q3,15,0,3,1
5,quadrant,Q4,13,0,3,1
5,radial,Inner,21,0,3,1
5,radial,Middle,22,0,3,1
5,radial,Outer,14,0,3,1
5,scan,Up,31,2,3,1
5,scan,Down,26,2,3,1
6,quadrant,Q1,16,0,3,1
6,quadrant,Q2,13,0,3,1
6,quadrant,Q3,15,0,3,1
6,quadrant,Q4,13,0,3,1
6,radial,Inner,21,1,3,1
6,radial,Middle,22,1,3,1
6,radial,Outer,14,1,3,1
6,scan,Up,31,3,3,1
6,scan,Down,26,3,3,1
7,quadrant,Q1,16,0,3,1
7,quadrant,Q2,13,0,3,1
7,quadrant,Q3,15,0,3,1
7,quadrant,Q4,13,0,3,1
7,radial,Inner,21,1,4,1
7,radial,Middle,22,1,4,1
7,radial,Outer,14,1,4,1
7,scan,Up,31,3,4,1
7,scan,Down,26,3,4,1
8,quadrant,Q1,16,1,3,1
8,quadrant,Q2,13,1,3,1
8,quadrant,Q3,15,1,3,1
8,quadrant,Q4,13,1,3,1
8,radial,Inner,21,1,4,1
8,radial,Middle,22,1,4,1
8,radial,Outer,14,1,4,1
8,scan,Up,31,4,4,1
8,scan,Down,26,4,4,1
9,quadrant,Q1,16,1,4,1
9,quadrant,Q2,13,1,4,1
9,quadrant,Q3,15,1,4,1
9,quadrant,Q4,13,1,4,1
9,radial,Inner,21,2,4,1
9,radial,Middle,22,2,4,1
9,radial,Outer,14,2,4,1
9,scan,Up,31,4,5,1
9,scan,Down,26,4,5,1
10,quadrant,Q1,16,1,4,1
10,quadrant,Q2,13,1,4,1
10,quadrant,Q3,15,1,4,1
10,quadrant,Q4,13,1,4,1
10,radial,Inner,21,2,5,1
10,radial,Middle,22,2,5,1
10,radial,Outer,14,2,5,1
10,scan,Up,31,5,5,1
10,scan,Down,26,5,5,1
11,quadrant,Q1,16,1,4,1
11,quadrant,Q2,13,1,4,1
11,quadrant,Q3,15,1,4,1
11,quadrant,Q4,13,1,4,1
11,radial,Inner,21,2,5,1
11,radial,Middle,22,2,5,1
11,radial,Outer,14,2,5,1
11,scan,Up,31,5,6,1
11,scan,Down,26,5,6,1
12,quadrant,Q1,16,2,4,1
12,quadrant,Q2,13,2,4,1
12,quadrant,Q3,15,2,4,1
12,quadrant,Q4,13,2,4,1
12,radial,Inner,21,2,6,1
12,radial,Middle,22,2,6,1
12,radial,Outer,14,2,6,1
12,scan,Up,31,6,6,1
12,scan,Down,26,6,6,1
13,quadrant,Q1,16,2,5,1
13,quadrant,Q2,13,2,5,1
13,quadrant,Q3,15,2,5,1
13,quadrant,Q4,13,2,5,1
13,radial,Inner,21,3,6,1
13,radial,Middle,22,3,6,1
13,radial,Outer,14,3,6,1
13,scan,Up,31,6,7,1
13,scan,Down,26,6,7,1
14,quadrant,Q1,16,2,5,1
14,quadrant,Q2,13,2,5,1
14,quadrant,Q3,15,2,5,1
14,quadrant,Q4,13,2,5,1
14,radial,Inner,21,3,7,1
14,radial,Middle,22,3,7,1
14,radial,Outer,14,3,7,1
14,scan,Up,31,7,7,1
14,scan,Down,26,7,7,1
15,quadrant,Q1,16,2,5,1
15,quadrant,Q2,13,2,5,1
15,quadrant,Q3,15,2,5,1
15,quadrant,Q4,13,2,5,1
15,radial,Inner,21,3,7,1
15,radial,Middle,22,3,7,1
15,radial,Outer,14,3,7,1
15,scan,Up,31,7,8,1
15,scan,Down,26,7,8,1
16,quadrant,Q1,16,3,5,1
16,quadrant,Q2,13,3,5,1
16,quadrant,Q3,15,3,5,1
16,quadrant,Q4,13,3,5,1
16,radial,Inner,21,3,7,1
16,radial,Middle,22,3,7,1
16,radial,Outer,14,3,7,1
16,scan,Up,31,8,8,1
16,scan,Down,26,8,8,1
17,quadrant,Q1,16,3,6,1
17,quadrant,Q2,13,3,6,1
17,quadrant,Q3,15,3,6,1
17,quadrant,Q4,13,3,6,1
17,radial,Inner,21,3,8,1
17,radial,Middle,22,3,8,1
17,radial,Outer,14,3,8,1
17,scan,Up,31,8,9,1
17,scan,Down,26,8,9,1
18,quadrant,Q1,16,3,6,1
18,quadrant,Q2,13,3,6,1
18,quadrant,Q3,15,3,6,1
18,quadrant,Q4,13,3,6,1
18,radial,Inner,21,4,8,1
18,radial,Middle,22,4,8,1
18,radial,Outer,14,4,8,1
18,scan,Up,31,9,9,1
18,scan,Down,26,9,9,1
19,quadrant,Q1,16,3,6,1
19,quadrant,Q2,13,3,6,1
19,quadrant,Q3,15,3,6,1
19,quadrant,Q4,13,3,6,1
19,radial,Inner,21,4,9,1
19,radial,Middle,22,4,9,1
19,radial,Outer,14,4,9,1
19,scan,Up,31,9,10,1
19,scan,Down,26,9,10,1
