wafer_id,floor_rms_vec_howa3_nm,floor_rms_vec_howa4_nm,floor_rms_vec_howa5_nm
1,1.08656674887519,0.566613018139604,0.38810311876401
2,0.676370779606573,0.353613368555849,0.160412637895657
3,0.757088519245602,0.539798773493851,0.347541959006473
4,0.962007547929731,0.852342548907128,0.567565631282926
5,0.90427765619135,0.672140820148838,0.484648145097706
6,0.604855315662155,0.492036367130648,0.429325521682057
7,0.970048954701044,0.556998080903162,0.381710721918328
8,1.09363359070017,0.611315579975063,0.443674161576707
9,0.739041057408373,0.683620227902612,0.606392205382523
10,0.481780166855485,0.428594984404181,0.163134440062173
11,0.587795605315485,0.395815295863393,0.314521717360576
12,0.862756315001952,0.70927304107218,0.512414674257202
13,0.978544347283197,0.697360495783062,0.600232337812956
14,1.00303097465825,0.856451618534521,0.610704125162887
15,0.423000153410172,0.410934537869315,0.380964012249429
16,0.435436275206049,0.37744066920538,0.221914402569247
17,0.79040425452646,0.430169648856604,0.34367652762595
18,0.505674134853464,0.491853865951759,0.277595593316831
19,0.944512219345926,0.512442060208625,0.401857259316531
20,0.617999956514939,0.424306092277652,0.267051066029891
21,1.03748053072271,0.629811509504714,0.445473903575768
22,0.939685042415166,0.576075905634617,0.394898467588615
23,0.541011374630759,0.448723053785705,0.388952288153227
24,0.586838582877196,0.364001082250249,0.318975317935017
25,0.617542188463974,0.588503305221753,0.227963581798597
26,0.605422753388797,0.466249733313709,0.354370114470355
27,1.17595050195082,0.614878054200969,0.32017548455016
28,0.983567905801443,0.651039949832909,0.359930914998742
29,0.716598537053411,0.569257934362786,0.458375332937472
30,0.34952187817761,0.322649367116764,0.234248249880697
31,0.718022634366911,0.484513088314726,0.291914283506328
32,0.978151342872338,0.680144535380031,0.557315866372053
33,0.789927729224858,0.525826526764403,0.359806850894477
34,0.900664989252771,0.615161481049765,0.540876890579319
35,1.0601503487839,0.856742939955135,0.636540583471375
36,0.896222530325848,0.44584244327603,0.176022886326613
37,1.06934791213909,0.615253286115337,0.51862362557121
38,0.586396889407126,0.45487619201825,0.263854463373483
39,0.955219828708824,0.90608084118407,0.837480881804175
40,0.715051944689893,0.476916706625826,0.309027491728284
41,0.67697378624832,0.430540364038551,0.290957573972599
42,0.786069183270969,0.652180912113739,0.333966219801166
43,0.642335200986217,0.471378094483554,0.261884129197852
44,0.919904753327786,0.853532217864115,0.672584671812357
45,0.796793300119896,0.694450315355892,0.543400383204335
46,0.631691162290115,0.263006974058247,0.183486273125492
47,0.921215559860406,0.48411426032359,0.308322146327246
48,0.936197352845013,0.672499436277805,0.508262471210907
49,0.704241595952209,0.640007225614323,0.52785402469143
50,0.990199321149557,0.658657112159385,0.330646477998419
51,0.935975082349931,0.629489215369755,0.540109075472637
52,0.843771354063242,0.603790127291055,0.454450191001351
53,0.949251858114371,0.37777902583675,0.29381566028067
54,0.5905066216074,0.439461896856296,0.328882716504827
55,0.486829950325451,0.372427283228039,0.250273662133548
56,0.74263510827862,0.587890861997467,0.388555674984219
57,0.630721056541927,0.43464016451008,0.378106596141553
58,0.8320020140859,0.725558706832656,0.424481428394195
59,0.973007702644111,0.656359650336174,0.613951780019301
60,0.809800722811947,0.590163252476147,0.312513354866756
61,0.653377850156323,0.543124217527295,0.305250372548551
62,0.913275022618424,0.714463426527112,0.442416412535605
63,0.886657652715276,0.617192206022112,0.51089029946672
64,0.703753713618074,0.502016286800965,0.280414464179518
65,0.581361055737343,0.557980690622708,0.483400394424439
66,0.906172520687813,0.533944277756654,0.374537086042252
67,0.473269187358991,0.432833450880765,0.345489771828311
68,0.732616454467347,0.663099293030517,0.379397662926901
69,0.826242265696644,0.737788040284052,0.663861570898528
70,0.536740158587999,0.258506204010226,0.135982640286425
71,0.975909521903221,0.542094207236849,0.386248022027763
72,0.682315816776075,0.50150675468921,0.450250726296237
73,0.61195915852778,0.419453954163099,0.351781434825503
74,0.581310802684179,0.498319759070136,0.434752525386848
75,0.787712543447392,0.468003787660097,0.396316906551992
76,0.46877069871894,0.422779237420566,0.219009564492143
77,0.591095731992966,0.467268080369257,0.268328326847382
78,0.570004858565892,0.442568115829571,0.415779661529717
79,0.893531260351532,0.823208548085181,0.418212573190871
80,0.828208077962607,0.522050683396703,0.256805471760055
81,1.26429741669283,0.728316311610723,0.5447009178499
82,0.498099517179919,0.343802166490261,0.176621096846599
83,0.822063339838552,0.457965288526999,0.368948041488596
84,0.720698091997499,0.497071600547726,0.406189615387372
85,0.930314544057152,0.468613297907713,0.408832262570298
86,0.612360486247153,0.509143096413821,0.445939665239958
87,0.611207462547346,0.423865970317101,0.273135541562744
88,0.771473742636259,0.574100568312365,0.411113441699781
89,0.920560911848653,0.548013939680586,0.527748505138815
90,0.92971708114249,0.734393976336755,0.443565565071588
91,0.953159340394013,0.795674863957665,0.463427072810304
92,0.771407206702453,0.655065878280015,0.4157242480045
93,0.788299256279878,0.666840613049641,0.500172012701085
94,0.658392428198406,0.420272600905868,0.351742576292759
95,0.723601802386345,0.555216210438858,0.373722342741599
96,0.760570144105628,0.686636570839792,0.33966811369646
97,0.662296918037103,0.616108455045139,0.3972439802426
98,0.491559540288698,0.246191185202621,0.192491000503553
99,0.605749212835557,0.559792172587727,0.393140302502225
100,0.84825209311214,0.431374289844782,0.382068149441371
101,0.895530354501495,0.541281787405591,0.332355387839771
102,0.773213814822157,0.585957290020313,0.432294438454317
103,0.810070124614196,0.453000762225583,0.349979769649068
104,0.807742309052993,0.70572501290781,0.53379308136834
105,0.632247056965457,0.397219075178936,0.294896628145302
106,0.527432174806604,0.450869733719292,0.376931021181882
107,0.628892670826713,0.597057390212335,0.329430359886305
108,0.699053052592361,0.494258423267977,0.420200285757859
109,0.666752907996212,0.363605824818805,0.170880800372354
110,0.476887474996949,0.415519184329299,0.238572999856071
111,0.943937906781701,0.70671818487719,0.569410896022044
112,0.745888444483622,0.51201581859169,0.285642581570015
113,0.742453390589267,0.441078132397569,0.36108303087645
114,0.610137009240474,0.568684052403897,0.523685995466863
115,0.954837204900896,0.6748076310261,0.258264608714179
116,0.89678873843197,0.733917418196656,0.643375251062777
117,0.727456674723678,0.394452719544393,0.355485487524276
118,0.605490884222628,0.576970999138027,0.517355209839931
119,0.435769615007752,0.343265880154594,0.218382358119542
120,0.709955364229116,0.485681582638343,0.332652925265356
121,0.474095136942027,0.305336217455707,0.243239475520904
122,0.794260480698532,0.719590518742228,0.567456730925755
123,0.743066129236349,0.387840114635883,0.136398786338433
124,0.780836171332141,0.403870796802188,0.352407440859319
125,0.990676860336428,0.914404611381865,0.67212048268625
126,0.742830816548605,0.66787353728007,0.450158238115977
127,0.767041129378722,0.351447617402584,0.169014038301649
128,0.805433624728535,0.644669602691624,0.196720891114675
129,0.78678539392735,0.459642280039201,0.378932460649558
130,0.676749311676536,0.503494222573014,0.466696337864966
131,0.618364664721161,0.401703681663308,0.230753569160098
132,0.718251267803247,0.568182056414724,0.345494268621215
133,1.0034661732061,0.959542556915348,0.60959218534866
134,0.659278883688817,0.649296985562105,0.570096796209212
135,0.67190471923309,0.555795900824803,0.382633749580795
136,0.929147875675771,0.550494474580775,0.345550208970799
137,0.556798977434867,0.48319479918644,0.210672256417074
138,1.05268634724837,0.841304924421081,0.537107159923014
139,0.460717087435939,0.451826636438961,0.428191999703133
140,0.655527141246971,0.571057871848633,0.378703506825855
141,0.775382134601836,0.604206321151222,0.340921430256821
142,0.673261658017078,0.38196457418641,0.288456637843255
143,0.598816691582802,0.432778597218749,0.378228187415095
144,0.791915226660985,0.542660504600288,0.359491871918034
145,0.887893205490779,0.500967382491166,0.407251847533166
146,0.929696500830369,0.515747084151002,0.414419250868305
147,0.85955957149206,0.743429842365986,0.611684560665594
148,1.02967903490399,0.601494785944154,0.407724444736224
149,0.766172266606456,0.585063959161709,0.552079079676572
150,1.072402736851,0.766793267769191,0.528081427625719
151,0.838562623935228,0.692181023565935,0.514908543055281
152,0.872210052976496,0.759084651494282,0.586949813007564
153,0.749659656349666,0.505375969449095,0.389612620682763
154,0.521524298404813,0.418073593715108,0.35616361017072
155,1.06801760781345,0.481912449435101,0.42022357477419
156,0.640210044540022,0.630037441588423,0.297359403805157
157,0.903038826995424,0.554321599442808,0.348165605157652
158,0.86531282304077,0.693128287431452,0.368994515685988
159,0.699145588306906,0.511682508992789,0.225247328351967
160,0.997827310214141,0.965853707710506,0.568838805490475
161,0.688302639426821,0.226974737756628,0.214536511110862
162,0.956915265453934,0.707031351150458,0.380708511684856
163,0.875611979132344,0.73389862738259,0.621486658781008
164,0.971480349169151,0.703383367963099,0.627365600414369
165,0.599096587834737,0.374260035110534,0.26557036449815
166,0.567517169655781,0.381345787676642,0.367799146846764
167,0.665192128279137,0.592728164484596,0.295710517442754
168,0.747409796612439,0.657217600148488,0.614777032331278
169,0.897517195812949,0.877360800765305,0.628054737582027
170,0.90024988463299,0.704322176265204,0.639221671336157
171,0.690992073422933,0.555779914242955,0.392373454017198
172,1.15632354298338,0.807356881145518,0.510490938341873
173,0.78633262049768,0.510575525551612,0.328992631202723
174,0.541685595393226,0.459753003310175,0.345271681778527
175,0.747251830426082,0.627652084023072,0.461986346440539
176,1.05706996840997,0.553684044007011,0.311938262123733
177,0.640938327546973,0.421109345996798,0.340119794376046
178,0.416995298783243,0.31399981533607,0.195639735636664
179,0.532572445582353,0.496559649868393,0.341092081897205
180,0.815715568761572,0.736806718059087,0.394077118886548
181,0.62185004727457,0.499695101085318,0.446531985299785
182,0.651118150737173,0.480123007422682,0.33697851361087
183,0.728787233064915,0.503731465190406,0.442805378044307
184,0.773789585520954,0.637338228340946,0.570246758790051
185,0.870949089226173,0.732519185363517,0.638947678016138
186,0.7217195542837,0.597301342554433,0.298374970056548
187,0.614255299801351,0.485965971745728,0.288335526420345
188,1.00891924997683,0.825979110490831,0.518421736497786
189,0.734635275174456,0.556200563628971,0.420133169122146
190,1.00898153841194,0.530474830890106,0.414574632427813
191,0.471322159804339,0.406626793211383,0.247605985654061
192,1.10651524105174,0.754947701295439,0.620925101623897
193,1.05425460907003,0.735110256526558,0.629416607498051
194,0.81609589441554,0.566619940451873,0.445575234223232
195,0.793070176318705,0.365467546934947,0.294183710078222
196,0.668599571864588,0.516034588130998,0.370656517699087
197,1.04383624900589,0.304754446530908,0.240712680912728
198,1.00933790600335,0.752589733720879,0.483548594417991
199,0.804217913735687,0.458501787333386,0.266321922576751
200,1.07689006913738,0.439206485453811,0.31277474500301
201,1.00676299689398,0.245132046468531,0.190198913491307
202,0.750891361332604,0.410164923068555,0.298387556805831
203,0.855625272658208,0.802480471157476,0.402025250454998
204,1.00862809619881,0.730588159192019,0.661198468195429
205,0.551596191043827,0.491194738364661,0.26563910771325
206,0.840610545488974,0.721425166573751,0.472528328750649
207,1.03035220030528,0.813306844160585,0.416692358911447
208,0.539229921167911,0.262883809487943,0.209114983190447
209,0.629830385179952,0.397364271575714,0.332387620786811
210,0.793279334870876,0.696423181516246,0.314255996807122
211,0.69738016811679,0.576427002661272,0.428696017351611
212,0.799870565098097,0.49367368390964,0.335086506855288
213,1.01334443624119,0.683036342997,0.549202480134368
214,0.894279786867827,0.858810474585803,0.51664919583449
215,0.805382755911893,0.577091152215289,0.560496322864864
216,1.06662239616219,0.834007716565409,0.554404265985688
217,1.01211101682165,0.768550963562764,0.441693759756457
218,0.691139798826452,0.51393255311626,0.42544584841905
219,0.816816229977089,0.657442754318299,0.204684474070635
220,0.951485234110336,0.702718303193538,0.474348069893585
221,0.938321161370609,0.584263581797481,0.252067904302852
222,0.624305419382228,0.522113420035316,0.420707834572331
223,0.917991446322154,0.548054624039993,0.353902747946673
224,0.832467486193646,0.493172300618662,0.355260337764413
225,0.552779312235304,0.530102076071065,0.478241711968866
226,0.564522263407797,0.448950045975798,0.329906114648389
227,0.670826312930953,0.379179732849005,0.294274191417571
228,0.789869741893922,0.472055701529856,0.445270230892098
229,0.782298054629397,0.610862024295496,0.473803594427376
230,0.649308399521162,0.428001404134748,0.387928466954329
231,0.702433638979156,0.529877768388288,0.210757374707396
232,0.475516212071537,0.467098880433467,0.354458059333153
233,0.665774209482027,0.463152832726493,0.371448875615234
234,1.09775695498111,0.893407717655656,0.822360259902627
235,1.168063821361,0.780474966356738,0.384898479255337
236,0.43941780752391,0.264082092436575,0.167082403515403
237,0.544968204460247,0.333021140580854,0.216442714939272
238,0.542939825174711,0.4270912857767,0.371998427763346
239,0.579898599345007,0.540855389504934,0.401862135861794
240,0.73920060273624,0.548837389206701,0.309930261748604
241,0.444720920001547,0.40873945088471,0.356825089858531
242,0.795316926576023,0.438904002366434,0.399046429393522
243,0.516704635715361,0.358440621870987,0.292197849375872
244,0.727795363865225,0.456785762496329,0.271908244295075
245,0.66509456546917,0.54742198499876,0.390835323700558
246,0.792674722462715,0.624033781971033,0.289492592508788
247,0.876905696485048,0.514876229107814,0.327426705336786
248,0.595321494432623,0.464652914601256,0.391329965577845
249,0.558527889997987,0.358610014580539,0.26810224491692
250,0.625296194292011,0.416703371868686,0.329638566245851
251,0.590209732484201,0.420011630442279,0.283605235879682
252,0.79170620220174,0.628712364454975,0.323936127350613
253,0.921931432693895,0.802361649313271,0.612446254197996
254,0.659131517512842,0.47453232834493,0.29464104681031
255,0.805459931398541,0.479264842195962,0.360001524228823
256,0.57336205620622,0.368897416206679,0.354442260443975
257,1.02481157254405,0.694704820266823,0.598029787060777
258,0.581350550024404,0.530288902604416,0.429131239754591
259,0.958063912414014,0.498670500899971,0.487455819389071
260,0.51482819999198,0.483287066878095,0.382915137004058
261,0.731123534430514,0.56713129361127,0.416064054245446
262,0.51810672355236,0.412769297254859,0.393507800744505
263,0.786586600179864,0.605597033652755,0.307923415962645
264,0.910700137113343,0.395935334375097,0.252911183605875
265,0.714697771623024,0.474030478342037,0.26910856476891
266,0.557762514897415,0.456896979131713,0.3994294515207
267,1.23147181038768,0.810485686782784,0.564652615081763
268,0.733072545260129,0.558700254110512,0.550038611300772
269,0.929608436317909,0.62682366854439,0.388788160768602
270,0.832797979443665,0.599786607304492,0.434039211651726
271,0.835086159399533,0.558461251665116,0.411263486336205
272,1.08658045662679,0.725013388715938,0.297156347111306
273,0.76160083366627,0.540207413257088,0.18610211254346
274,0.665883847730099,0.496949435393118,0.341288242559666
275,0.948858363778253,0.605778139060929,0.380695902573892
276,0.603103077330529,0.516078004149949,0.391353259013304
277,0.852939891270105,0.4203338501468,0.396992236836452
278,0.664260056959406,0.60838534723597,0.13413414415413
279,0.623787024312909,0.437818629466273,0.346691852652067
280,0.536572425706187,0.489512223065184,0.263929854528842
281,0.981447830916356,0.685560319323406,0.377814584054074
282,1.16902792339134,0.853092157382185,0.658506436503829
283,0.341391635954628,0.247211479930811,0.2053795168207
284,0.793463079387181,0.681252831598427,0.419965578302462
285,0.489601750081223,0.283088522935564,0.212105136306944
286,1.01424895538361,0.685285950441693,0.406820019751681
287,0.720876523949659,0.496006137449661,0.239612735065226
288,0.585278181204305,0.376778814556751,0.348372778838218
289,0.781414640237394,0.489037667754256,0.390259808292476
290,0.702915268963518,0.661384604653256,0.549374672432514
291,0.87741302633501,0.750800722066918,0.54158888955991
292,0.691458764638819,0.495167049419893,0.419394127689928
293,0.605538951482837,0.565981589055219,0.338998131284472
294,0.751113584413925,0.619561096347,0.509723076851178
295,1.02629283566312,0.574764422101986,0.423293707824588
296,0.835986401870168,0.405716215997363,0.293577059358537
297,0.813100079656673,0.575809754251868,0.45342172588791
298,0.715695203453118,0.515415460051828,0.460837735728783
299,0.779538724558818,0.712902242284106,0.475496525428814
300,0.603068782254125,0.541055575153293,0.468655278335899
301,1.0650181503519,0.745640469262981,0.60223179270187
302,0.820258948752096,0.59836081166605,0.560521972704769
303,0.696880446577614,0.523821177459005,0.371426986388397
304,0.952182198647138,0.549285602989978,0.37762754589853
305,0.505513975961417,0.401708309254489,0.348599990504979
306,1.08978920584248,0.753142538545005,0.541902701322068
307,0.791330621665497,0.629195075773213,0.506846983803289
308,0.509601637670472,0.424056468124586,0.218902091302868
309,0.878927764427282,0.776695232543836,0.425149895831978
310,0.822227370644212,0.636501633470705,0.258093100332054
311,1.03303716779924,0.728616724235967,0.451902033829986
312,0.533518651351556,0.389789776607684,0.26017828934902
313,0.92307198774825,0.556520640261922,0.38873138386173
314,0.709612730760156,0.632163730971209,0.480519373321882
315,0.632530827010939,0.465667194615909,0.220949549432318
316,0.669383331116688,0.602633646491706,0.479760111241407
317,0.684959152001867,0.665832533232235,0.334547580656154
318,0.956675733936233,0.891242646806391,0.492184715842963
319,0.934437764677445,0.651011853261419,0.468543347521436
320,0.797877845571287,0.449741756638374,0.15924163990299
321,0.738198108112925,0.560508169401031,0.506213506007808
322,0.531748583414248,0.492824036075948,0.433762325497357
323,0.736328320403095,0.535023429062679,0.343703384538631
324,0.663186154091245,0.471059016733409,0.318077234190985
325,0.95025872883154,0.531679416763823,0.428573883608769
326,0.869833481147969,0.496469856742646,0.293231249270591
327,0.85398629310773,0.577048227994065,0.394490269532881
328,0.459816014554072,0.410387003790919,0.319662433773117
329,0.698482586787007,0.599323637609261,0.506067529002595
330,0.748575194080385,0.322197176836201,0.214999506280218
331,0.733840677007649,0.438612513771296,0.33977525814748
332,0.648168827522562,0.419401678538172,0.405313582150546
333,0.365274922437485,0.354808038414183,0.186622415603634
334,0.900682567003749,0.824685133929051,0.501544147265424
335,0.952811849260433,0.711626267086767,0.528217177667603
336,0.792695041204304,0.466249513815716,0.421700105059632
337,0.802012161461701,0.482260722859254,0.401027105605111
338,0.772012137396479,0.477462249418191,0.3732025188264
339,0.699141823279197,0.658450542675715,0.540176120979894
340,0.687740786486465,0.391815628119015,0.234832803104312
341,0.804861099224748,0.597374460457358,0.422429517979417
342,0.72444510838393,0.575441305075267,0.343525096510101
343,0.803037093109204,0.430255251499685,0.400991275749469
344,0.85104207238849,0.822715544564472,0.467041828851933
345,0.629084024974587,0.432719426700474,0.297881881717788
346,0.590190910548145,0.448108803197931,0.42702758776376
347,0.798368334275504,0.536147800964933,0.463258163774005
348,0.793793365237829,0.387869201808979,0.235376886708135
349,0.499801492866637,0.46350204677782,0.24757306447999
350,0.876215265575385,0.588508707490118,0.26868043813849
351,0.554564887267407,0.402257209645928,0.249941018837656
352,0.717792711270122,0.628483457710855,0.365991647107215
353,0.892002846272462,0.781306722365055,0.596808245183815
354,0.827004790382691,0.395596448891025,0.363044427364121
355,0.619785930378938,0.534599154960422,0.463103100790491
356,0.762935666139569,0.684790593173894,0.611935245963914
357,0.941078656810038,0.698377878567979,0.650560987202669
358,0.704018618393224,0.586620554509713,0.486655084430687
359,1.15479275400683,0.955426205147401,0.464293679766053
360,0.770240543863932,0.60379996797423,0.255492071300861
361,1.0015789623293,0.734492295971079,0.47194892938532
362,0.876781688445893,0.559665735135317,0.510306646747535
363,0.764440735262525,0.443598924439891,0.326180300397654
364,1.09191705465929,0.557915258344253,0.353162166957067
365,0.769200945861324,0.570222657533924,0.445441055518012
366,0.91008659727228,0.690624501792408,0.455216768117927
367,0.877073727231801,0.659806565803439,0.393853165616646
368,0.904270082674113,0.625359496763985,0.44742554799745
369,0.998282883981772,0.865379368644116,0.619420323361492
370,0.833703827611796,0.726102026447628,0.695892536447956
371,0.701474876664764,0.642499569988535,0.43617715154396
372,0.445226084277763,0.442842878876247,0.191467267293413
373,0.679442140462351,0.458849091862705,0.399256502782927
374,0.838257177155147,0.680828197733318,0.340605309938527
375,0.90357483869399,0.734524969657246,0.469009566239773
376,0.706366665891905,0.583975603248378,0.370623699382303
377,0.805549983458294,0.4832691101913,0.294345388732653
378,0.630672352178829,0.504515053964903,0.412309801405768
379,0.894492845137132,0.459864544222639,0.278946199646946
380,0.522327689475091,0.252270914755075,0.121697369833766
381,0.575415237379613,0.399995997181931,0.237196572967274
382,0.624554199039124,0.450058616078255,0.235798396634315
383,0.957765530373704,0.728682422682768,0.368169230962819
384,0.991185046083617,0.559293458391712,0.477995604268801
385,0.721253914311496,0.510316663439884,0.269447789554689
386,0.608877218605156,0.438858956852771,0.287587487115618
387,0.694574856802368,0.502320415623385,0.242301921714738
388,0.789970043559975,0.415511828505459,0.38120515236205
389,0.929915926142422,0.784938694164312,0.577003088354442
390,0.968804697121101,0.905005113039803,0.608968440808753
391,0.660150012625451,0.566922378554254,0.3763529504535
392,0.662105623658348,0.598215194614731,0.45114408237613
393,0.733755228167956,0.599126491320478,0.358834697428979
394,0.899614137276083,0.762808370585522,0.663195072547016
395,0.758890261195371,0.743279278978666,0.356289631755861
396,1.00116340909251,0.771765616949218,0.411744197901053
397,0.612732030090929,0.555927550681376,0.359507062754682
398,0.783523245559785,0.626510822141725,0.409993766826078
399,0.748391245492137,0.531347377866887,0.407039713166565
400,0.879654054627245,0.639338865598618,0.479901928603574
401,0.80247544065884,0.544472569437055,0.337588379425103
402,0.774945074190371,0.470841302254953,0.321471272079612
403,0.806356507954565,0.677704666078245,0.450847584202427
404,1.27343673018492,0.663524406665227,0.512895834060008
405,0.508598821597363,0.429146458335621,0.360892271185539
406,0.747980530982815,0.417549531509819,0.26580231873216
407,0.787317140928325,0.675088678614457,0.556624138878192
408,0.587954636461703,0.40975452440394,0.252390258055568
409,0.484907449260035,0.459146473388538,0.250823391225372
410,0.530057900111253,0.452413315020443,0.298718376278681
411,0.510620003854383,0.363706790303245,0.352883795587774
412,0.822139239606378,0.471404318776939,0.455459556203328
413,0.824292953131838,0.591472773072523,0.448737742096426
414,0.526247725715634,0.517493810736458,0.332799725106719
415,0.686451479059813,0.462969067152935,0.341581529961861
416,0.643488637573364,0.406349082270781,0.322323519987618
417,0.564414180931217,0.473880151293761,0.381892453723858
418,1.19458328439372,0.720506815703773,0.434153123919788
419,0.669687953610063,0.538045815492485,0.451582370228284
420,0.922846528433711,0.780565807737363,0.613116977192621
421,0.920950506931498,0.755602748777399,0.424865109702687
422,0.527929039767353,0.518510390878112,0.273538339358976
423,0.899439416962847,0.574489221714972,0.505153292163329
424,0.582638840409782,0.400998226540784,0.338678658590354
425,0.965399887965027,0.592594596787517,0.326347841006624
426,0.718903739065467,0.54489264609737,0.298258338341786
427,0.910700669544983,0.462824624145163,0.337766468898667
428,0.971382569970784,0.645035586523971,0.429196400689583
429,0.829774348472318,0.522383767739762,0.388816138699008
430,0.787342388383504,0.463716615745069,0.254316346511743
431,0.803288103454033,0.488619523477173,0.417769043560025
432,1.11638992353038,0.941506441275301,0.662943376192181
433,0.590334715999137,0.491144400054973,0.413266165112064
434,0.934665803869278,0.895730933884312,0.443976509100703
435,0.669016324138713,0.434919229766988,0.337629382331834
436,0.451240566348313,0.426232645823893,0.258892231553615
437,0.902610922296823,0.605905411240207,0.230807520215047
438,0.715461677459075,0.407791676604256,0.303844822970985
439,0.998389053737934,0.728136966953851,0.528809145733874
440,0.771550802510391,0.626290310521869,0.448021264958448
441,0.514041191130367,0.428075000614359,0.351480478150843
442,1.08380390491922,0.979601315533553,0.92439107441839
443,0.459614585726875,0.39993513667326,0.232487184956155
444,0.738181133323461,0.597354068494202,0.535474550854459
445,0.648021793261652,0.48538368997817,0.319353711874299
446,1.09540140013212,0.644902158557395,0.339312088644201
447,0.562586687906611,0.391046981329875,0.264852824066605
448,0.764359695223863,0.464800286731903,0.386823835889231
449,0.685362383655105,0.472113726580729,0.323152017201482
450,0.771802117212552,0.713308640953117,0.475481369052902
451,0.754872157459335,0.694390529062836,0.518819367916741
452,0.581097971448014,0.4692623805506,0.228621085170709
453,0.995964673328162,0.591272270210088,0.409512021727552
454,0.53866665870572,0.466056373794109,0.273872620512024
455,0.949366089476997,0.437953712671316,0.406885650625547
456,0.835489909320855,0.68793686698797,0.500709210178988
457,0.827192946436725,0.547046130725025,0.402588845631718
458,0.677156196253571,0.45536419228508,0.323291741223804
459,0.418175327038129,0.358703795183511,0.334334212328031
460,0.658271598167045,0.586496947031111,0.512156264300977
461,0.821478497953312,0.586608738857391,0.525798954686223
462,0.704949828968354,0.624831487825974,0.534741185109072
463,1.31452937366825,0.595372715841685,0.540800633447922
464,0.526387691385282,0.438685066719167,0.320472724921174
465,0.644489187916983,0.641509924361024,0.536025349788696
466,0.470539032940896,0.446960159873813,0.360617994320294
467,0.683645914454156,0.597360102638668,0.385050874545456
468,0.746622018037235,0.703620906354845,0.321120923781299
469,0.607075244333716,0.472745023674683,0.311372032797732
470,0.70518223611002,0.487181394605504,0.307519781816432
471,0.679485885317923,0.428300851742315,0.335794909213827
472,0.688830602214817,0.563108182050938,0.373468040425119
473,0.61418708623802,0.583448771200546,0.33999113601833
474,0.668949336197795,0.431093572838871,0.363323787626707
475,0.93233554470119,0.537159648023249,0.30363959042428
476,0.97509120469174,0.636196656757054,0.480995063527859
477,0.795428499682538,0.488118970458664,0.426996078973948
478,0.670009059123628,0.556739423017537,0.319673089303533
479,0.790244742629487,0.536252773552092,0.363209169277085
480,0.946340814453385,0.680117019523941,0.533618778196543
481,0.579613086227135,0.398496280543629,0.34284435628063
482,0.745791018463604,0.542505650909476,0.225557407059151
483,0.745245640099888,0.712426537570267,0.624162740980913
484,0.619067323065156,0.529206494514979,0.359289810878715
485,0.842943269126953,0.515450293884655,0.227256062946901
486,0.802516548178784,0.422694931170684,0.331040301385956
487,1.21726218707401,1.04229546558246,0.686900255304776
488,0.522215283679249,0.503788208609262,0.390031146722107
489,0.686286965785152,0.579739854878827,0.446246302977694
490,0.621138561160289,0.51628227668001,0.368061626426813
491,0.618876607761403,0.55127393319296,0.383682383971694
492,0.743886909756476,0.41793811247219,0.272363823777104
493,0.878717577446552,0.650503687410684,0.495866391174105
494,0.735858585015622,0.557653424025742,0.399527089045543
495,0.867007575283954,0.665416508800843,0.434958116315562
496,1.1474714155354,0.512186643594396,0.29397924328312
497,1.13672285337173,0.709295420725107,0.630848918137837
498,0.874770404085814,0.641276205736146,0.350610883788755
499,0.808606298240683,0.660268448253227,0.257456020898321
500,0.62465035335912,0.438281891702779,0.372307013821282
501,0.320818460860719,0.248077713667501,0.20954196289917
502,0.885092443433909,0.829281014062402,0.298948113322883
503,0.684063443968199,0.478882695322554,0.431198523602836
504,0.695087870274513,0.484272510598718,0.374106342816597
505,0.575989845585197,0.538935970003892,0.375566427399436
506,0.796864261431748,0.62270779006201,0.331587617786368
507,0.859048476549609,0.627555936659329,0.512660398263158
508,0.602717956857272,0.368570480192604,0.246181251249256
509,1.03135040439841,0.596366153026249,0.393306556608167
510,1.11018920983547,1.04683386568903,0.906572879088046
511,0.891410807035792,0.534375938104512,0.431988718797879
512,0.75812118346962,0.597893644332944,0.543695625865115
513,1.22222503847519,0.682368322710482,0.43871683829131
514,0.803405350084153,0.48669245227523,0.389770045202824
515,0.73980129520829,0.499073365813735,0.465707586721409
516,0.815468918352474,0.485837959288913,0.446426459308457
517,0.774852232360338,0.618824700827878,0.369090231696858
518,0.802808135091136,0.612800098769468,0.462391459475279
519,0.600863614727512,0.337612117486641,0.327470827142585
520,0.546781764058106,0.503894941203675,0.387523711702166
521,0.972528886775065,0.701961013985895,0.482752750455037
522,0.901206711506385,0.473187349259283,0.289121895192619
523,0.523867603434117,0.47157955510352,0.351075676596696
524,0.552644585016545,0.543468458588491,0.371506131783553
525,0.821616354374456,0.736916324923086,0.444061139542266
526,0.630643791783039,0.452638474963189,0.322755197859794
527,1.170660313861,0.811045651373641,0.487315758917147
528,0.469721254320418,0.333246254848972,0.267595309188286
529,0.412062469214624,0.375239353114582,0.290334166759592
530,0.312122737636283,0.260683723656716,0.243295557374792
531,0.938416359484293,0.664596993708604,0.40233672241213
532,1.15219406745356,0.461780927526977,0.315021370726773
533,0.719441876194265,0.290235583900747,0.255826373063056
534,0.830056489397034,0.445769155834657,0.363862760827422
535,0.502249359068571,0.429651099683793,0.238756803244932
536,0.648376556682946,0.439500395589774,0.347774966027691
537,0.798691159060529,0.585513608950717,0.560720021563064
538,0.336739070208329,0.329284075803657,0.244518852985894
539,0.66912747961999,0.549690916639151,0.437465190050865
540,0.619278677235998,0.409953505066785,0.348003979330177
541,0.590486817591076,0.441140994831821,0.256307709794747
542,0.819709456928046,0.387975229202782,0.32558045577323
543,0.861720433086646,0.66902929091881,0.569327586087001
544,1.05238734323138,0.979030597873102,0.581217888846374
545,0.616030812584443,0.507155695705482,0.223416262815063
546,0.632807360572647,0.45507257559402,0.41644429108542
547,0.774530476126392,0.574231646865913,0.38777366385672
548,1.02600980995724,0.64741642333173,0.551793459338606
549,1.12812033470777,0.552872846778564,0.307248992960597
550,0.75489580655693,0.595900572853391,0.475961658195046
551,0.5245329667342,0.455365773008266,0.376201113857078
552,0.479244900291879,0.434162295998289,0.275465762048842
553,0.65629790109446,0.602462577251094,0.534626076949876
554,1.02745549117789,0.545710992626009,0.17960538713043
555,0.686289584363758,0.466143804171677,0.436198460052603
556,1.25234136328588,1.00245589013402,0.586558816026904
557,0.819041975880801,0.572462700758148,0.489360016442055
558,0.680807170051167,0.549568887778181,0.417095818593192
559,0.815982707527669,0.366085420676067,0.36161839380349
560,0.807116046935815,0.434690088909069,0.147674336323144
561,0.385717235001442,0.265052464137088,0.164096142329637
562,0.716540646877084,0.615721894134196,0.408828696141856
563,1.00151840789389,0.893699029423756,0.612578357506911
564,0.678669201937082,0.403140100372936,0.367573171950744
565,0.490430561077511,0.28876913816422,0.255116946234944
566,0.743302655167396,0.466235577583979,0.297115994654347
567,0.705884913679885,0.628604994549399,0.4407959586865
568,1.17010341432532,0.978321423209288,0.536570318668791
569,0.59074815372628,0.551306105738672,0.243091249634186
570,0.834695571894029,0.742767793031594,0.559408590932424
571,0.602490059324973,0.501832725017923,0.40158955148719
572,0.411892043347425,0.373057301513671,0.252576303710666
573,1.02205051449275,0.605104976542314,0.475181763143716
574,0.621454752083234,0.303547605427287,0.274521392933436
575,0.736708702947841,0.589552315147226,0.429670568467562
576,0.668679605561755,0.493924145384857,0.374345720506585
577,0.64935863429804,0.375112779569504,0.34214387325375
578,0.521203606276935,0.490308999751652,0.260833625562674
579,0.67717539888188,0.393147685176318,0.286975686776521
580,0.84984759537643,0.404159766215018,0.320506839890912
581,0.765802857144243,0.426413184077317,0.373207496886659
582,0.688065034460834,0.437047448631561,0.335907587859838
583,0.572105926472978,0.498790476696294,0.408854420286354
584,1.33838395251449,0.972925993212418,0.601929827113658
585,1.01264494771771,0.951017846493866,0.579543135676509
586,0.94110779020072,0.551264186994753,0.514785489512569
587,0.459055510233213,0.4510597580804,0.361207752700156
588,0.840750813467078,0.678478568721322,0.439046207619278
589,0.641790736101367,0.462321043026745,0.269349357996316
590,0.809632454550012,0.219380440147294,0.176197058729139
591,0.611362548211182,0.449031087780698,0.383158489393033
592,0.790185709210247,0.408742408338867,0.237121975018962
593,0.848967168451434,0.580659417105246,0.345285305689594
594,0.506560430856404,0.476459672195105,0.357238777147014
595,0.689142090832892,0.358470923993697,0.296995320092152
596,0.999430029016377,0.521549381899973,0.375670753007585
597,0.803464299785755,0.670116820065604,0.403342181794777
598,0.805240931996655,0.338522511750112,0.236724953835741
599,0.516748073693453,0.440537628699541,0.372418087858324
600,0.959941636200096,0.803854132630182,0.559157149709816
601,1.14515696282398,0.69834989940853,0.292262061313234
602,0.772660694175089,0.479973933012076,0.264486321640233
603,1.14369406325006,0.570601147283331,0.497951595593292
604,0.907290059761616,0.527448415287781,0.371575321549067
605,0.472643953308534,0.312836630898797,0.164353518355448
606,0.935288642275497,0.624450257057019,0.564798661626172
607,0.646530856841003,0.554468950339948,0.327679534340485
608,1.13633027730943,0.801067696000604,0.713863960573852
609,1.08302969093128,0.671634875877304,0.491349785853806
610,0.672051131685429,0.476429856487395,0.441935580645698
611,1.33229588883205,0.547509668362641,0.416908134600703
612,0.903508388331541,0.804631918207595,0.588706188970129
613,0.664701133780356,0.522170838009913,0.285271837720546
614,0.768210809647766,0.478916392011541,0.356181841762805
615,0.87075792137789,0.498768286230259,0.290100739427096
616,0.784151648866642,0.649441410818601,0.336486343469688
617,0.59444305421171,0.417812363596743,0.258893574262001
618,0.63782242259602,0.540808156452403,0.293203471143872
619,0.973396992539047,0.471816465448304,0.395810848091019
620,0.930802919896521,0.670774936448994,0.45976991826766
621,0.63065193557075,0.341303888207747,0.310198599095384
622,0.790062678580563,0.493073069615496,0.277968398220193
623,0.892890002264837,0.547111365637464,0.355092539237442
624,0.93558544333304,0.688641519320544,0.480064874076342
625,0.921209500832994,0.413423001771367,0.356282320015576
626,0.604580017958822,0.513590551788157,0.368504868328748
627,0.757882042979321,0.641582004924595,0.369303025304011
628,0.475684329760801,0.302507804821301,0.246640512467482
629,0.763424640175159,0.568290761434601,0.199191998772438
630,0.840984570382878,0.504518484010559,0.313373925071464
631,0.649841998463789,0.45120211235912,0.352989463070512
632,0.68928742924255,0.629420271558649,0.462455962596804
633,0.729288790414129,0.52736705307532,0.281776354064369
634,0.931092234581001,0.369395524760882,0.230535059718301
635,0.807736705308912,0.724505700343391,0.452990891850322
636,0.774905058356668,0.652928272892579,0.409163171136974
637,1.00278779829027,0.872491888809396,0.654259552969882
638,0.753131808538964,0.534593992419147,0.319352400564071
639,0.547255643567428,0.454113542351044,0.359318404416221
640,0.566632195906842,0.377644990680797,0.310363643248432
641,0.625229163296026,0.464179831178877,0.213049642901597
642,0.891105592567917,0.61860072607323,0.440130587527131
643,0.909741373980516,0.757162046258415,0.469915547934927
644,0.700457687644573,0.47327449276539,0.343973344743287
645,1.07323115828221,0.520201818053159,0.428065322627337
646,0.925549588713481,0.715542563949724,0.545588203144978
647,0.556843276215185,0.470840607487996,0.373567603712842
648,0.771961050315222,0.339912834453367,0.314989474917639
649,1.12072498382717,1.09635783792639,0.81715414300137
650,0.699170080303583,0.554099761104755,0.368081598934627
651,0.751222282147921,0.561096975539926,0.38127239873351
652,0.56901696769266,0.469967779417004,0.284914032459534
653,0.728106832005237,0.54565853378889,0.303324524772613
654,0.966734846862595,0.545585707144933,0.391520399133605
655,0.73043961233304,0.585863165760035,0.461547534020077
656,0.98356710992471,0.725987856611961,0.429330778593181
657,0.99900614749161,0.477472786087465,0.363235388074013
658,0.586625995088577,0.442960798084725,0.278532918297653
659,0.934403893985658,0.554924918552321,0.452012384386487
660,0.692833193476531,0.482401957849451,0.383314980622912
661,0.748073892274984,0.495844607569372,0.359593017301903
662,0.914728805583072,0.844489074562179,0.614948174282498
663,1.20943752572858,0.771186002044668,0.395525413836285
664,0.949446168219995,0.514832526400441,0.303642461703798
665,0.737979932505707,0.558988390168862,0.279263352944982
666,0.652489152313865,0.522428983691466,0.211715015364816
667,0.656725855661281,0.411289564799102,0.225049582438319
668,0.610695496944138,0.487545365335661,0.195353767967124
669,0.759376657905965,0.396378834143387,0.351520828150522
670,0.616001153625779,0.569642919578426,0.520700839163115
671,0.841203716970663,0.266047677077238,0.158388281820658
672,0.554411537378516,0.393864728446885,0.331921053292179
673,0.749050996931179,0.654226537164996,0.537772315939592
674,0.804408031030703,0.601683053720275,0.390283994851926
675,1.05773755892534,0.879687502858641,0.573502595573142
676,0.609446644264672,0.576466853688808,0.291224911627365
677,0.420640994848589,0.367493644128625,0.268470770738343
678,0.703513266424078,0.549013208185185,0.406677347984517
679,0.569153997315235,0.536787053719047,0.417186223328697
680,1.15286288660611,0.906899842164151,0.637849656855615
681,0.966323750778239,0.910855449674929,0.827184150025429
682,0.804158686957985,0.624392782175591,0.447228939218829
683,0.830746378989418,0.595093934127239,0.40517764830019
684,0.707678570499508,0.580559468340487,0.434538828223794
685,0.516993388707634,0.493676058601218,0.315831043910608
686,0.553260083059311,0.469099415711229,0.396543144383333
687,0.801313298066667,0.77207240300421,0.433440784475396
688,0.825286538241858,0.724530195169982,0.70766267955575
689,0.771426981505354,0.522531725570342,0.386377334077073
690,0.899174787461041,0.630511528485619,0.428199125841435
691,0.993590659117485,0.85644267131705,0.674491892553084
692,0.579389861879773,0.459992830753125,0.367045631766336
693,0.661198765868472,0.563942152279997,0.40854455482199
694,0.586274723626348,0.505132623849419,0.387778454873063
695,0.652408013076484,0.507945029685851,0.330499123118197
696,0.440039647433268,0.375644437911855,0.316050968673452
697,0.649069693534697,0.544011463786789,0.283167333124926
698,1.09851087067141,0.409779119635939,0.250602163411678
699,0.785836824793261,0.628475911837069,0.320152991727524
700,0.769558022735718,0.650288255642056,0.38674593729279
701,0.622529036461754,0.429929392129143,0.325208805286026
702,0.509580460184452,0.427836802616278,0.193341272687506
703,0.503377777162055,0.418890025839839,0.212676517600432
704,0.667181565575797,0.577844794138231,0.34324487844564
705,0.988453183416881,0.824970015899311,0.602824835822277
706,0.924813063487388,0.703566913945071,0.37636144543308
707,0.811389510548561,0.685649807100637,0.668987603283772
708,0.851650044535216,0.623062129319322,0.524500221767571
709,0.653374775486479,0.404511115582421,0.350668936813887
710,0.79324572974787,0.601441062222586,0.406685609191973
711,0.45261587927549,0.436123623792253,0.287170282685674
712,0.619614798471792,0.573276544879131,0.253970112083561
713,1.02399587753506,0.745091703939496,0.453192697987548
714,0.682290364595162,0.381701979121095,0.300874918192447
715,0.956113039649319,0.441803930148601,0.294072081912685
716,1.07767795150232,0.461292182307737,0.254508202430941
717,0.788067157337943,0.535734513387528,0.373870209514202
718,0.77565614900992,0.676415181870223,0.44488036224598
719,0.87788102684259,0.642408263173927,0.574191429672841
720,1.05921503349891,0.697888671932949,0.658931338450913
721,0.700791861248674,0.596933994730794,0.442824919474443
722,0.419513505867485,0.295842299738915,0.236584971594429
723,0.907325984865919,0.654049073850065,0.455503000854236
724,1.18201303747793,0.969378675463298,0.884468866651929
725,0.912406171106172,0.401863700297434,0.347935941695026
726,1.05328360964693,0.986927803711453,0.584606396920642
727,0.569360423238681,0.387433475666907,0.367293780395883
728,0.641155222036364,0.411970141958249,0.269410567897626
729,0.797721550587646,0.680509082751867,0.584360494027731
730,0.60417752128946,0.496496799865043,0.440791571803189
731,1.00007437653598,0.739507433470749,0.524521025635049
732,0.738201074843527,0.501801791100247,0.401338543725714
733,0.80537475374975,0.523174899155262,0.428303181219263
734,0.617024144713925,0.508285466833137,0.406026437770058
735,0.569949742891124,0.487515022830942,0.379451969556822
736,0.540415781514657,0.381048058964514,0.259031432558729
737,0.716944940922744,0.637202842304884,0.486062110980365
738,0.767191397264468,0.497552537134116,0.304186106562008
739,0.633546516154556,0.525033010521373,0.419374166788853
740,0.518809120475559,0.476190892179963,0.37024343090737
741,0.793082982435165,0.415109982935295,0.328055536159504
742,0.602116353669855,0.394498953772742,0.323033696315268
743,0.854235639744952,0.50890738395845,0.348761842568681
744,0.761580003496891,0.590579265714755,0.517156705231924
745,1.05510345623824,0.585961052686101,0.427255135064802
746,0.848723853563877,0.631591304636914,0.562249666112067
747,0.668530239533144,0.638811908727903,0.48619880459645
748,0.646326549225173,0.429604586480062,0.402080220739196
749,0.77370033257174,0.446763589306779,0.288946961339995
750,0.867432846043447,0.519556255831737,0.42329783236906
751,0.642208293173962,0.507221081295848,0.439658057951613
752,1.04415160703098,0.895225264677425,0.533236506341078
753,1.20587655590731,0.66117461462714,0.639205355308884
754,0.563494381001658,0.540183287638057,0.400924786844072
755,0.901163557821066,0.473430575569018,0.317758928148713
756,0.659757052329039,0.596042734197342,0.380542702618701
757,0.952618754592746,0.874536741391733,0.634017007339535
758,0.783284953180637,0.695503124763426,0.454775180395691
759,0.698982540200679,0.447202538639656,0.432089331139725
760,0.587897728662597,0.46105178914421,0.306655981562071
761,0.861493860422533,0.706342107698577,0.412902303254865
762,0.615632307127744,0.468348248231292,0.277123758604664
763,1.07584805410275,0.950912806364462,0.635508042487398
764,0.782073983327359,0.313490486563077,0.246319376873786
765,0.780714369029482,0.570982246338113,0.292975553339885
766,0.64081116581448,0.568646107096039,0.525323136657232
767,0.613939183377822,0.535914656669469,0.472321708218895
768,0.630794829918815,0.514784993092502,0.316976944096067
769,0.683023021981249,0.47471570564959,0.426730011370904
770,0.702973836816552,0.496502649756532,0.427895717711707
771,0.52505201000376,0.435711484953621,0.423674956257502
772,0.707904395683992,0.292417180699647,0.200322286408829
773,0.950175012366366,0.740248023985041,0.595902805981488
774,1.13115113673645,0.485999449608436,0.276124045717078
775,0.752490159438451,0.625376093580474,0.386253514802208
776,0.406839008839123,0.371232486510127,0.315990219797344
777,0.641210927439497,0.391635127329422,0.309141055072053
778,0.78461633576468,0.558301133429183,0.430390656600297
779,0.668490593358988,0.348348482946612,0.261497937646971
780,0.782561341896208,0.498534526817805,0.341153166440981
781,0.62847072581257,0.488318698208983,0.391554637776563
782,1.02713367310983,0.614396604043805,0.441545294337855
783,0.777347772715295,0.637416752672526,0.443492813568314
784,0.896879090566959,0.783972662530111,0.367876775685147
785,0.743452422676891,0.592967169074659,0.354253150699275
786,0.827584088753329,0.547914433219429,0.457685786074728
787,0.739755785704903,0.436663489956001,0.237508086554591
788,0.843530706614179,0.750082286216233,0.326448529530172
789,0.949371932403504,0.384121711079584,0.323865187331737
790,0.696232539302401,0.631404475001183,0.469000388183145
791,0.584450710150329,0.551281174967126,0.326878400383908
792,0.737729748290401,0.590126114773253,0.467236732369799
793,0.902693174045003,0.722383144269126,0.339100724850086
794,0.692901676716933,0.514666238709844,0.224696062250058
795,0.911772994710566,0.428830352079408,0.408907045163521
796,0.997775437090619,0.871565516151094,0.726314918539392
797,0.479414351059961,0.373045043002289,0.249749040554338
798,0.800753319353016,0.278894558655536,0.21710265842604
799,0.661110738058664,0.527851575876379,0.410594679645455
800,0.762658355177689,0.524050971950961,0.429765259285293
801,0.69331948243421,0.490703043103498,0.39238796025853
802,0.909053370027759,0.795610502423998,0.567361606575874
803,0.637405741791766,0.420473502398907,0.33848112494567
804,0.672523055238889,0.433894962460263,0.260539982145808
805,0.916969312893009,0.535334519244999,0.472403180526149
806,0.496086421808286,0.446923600794746,0.369041836605411
807,0.421884305228754,0.413286931779352,0.310925752235416
808,0.587202670129965,0.506710298037715,0.280540853733474
809,0.542292368062031,0.471034898452027,0.383822600639534
810,0.496202729240117,0.414600423929717,0.325322735570305
811,0.713252207192591,0.563295929641643,0.451638638689391
812,0.685091647112479,0.507440042183463,0.320414222445276
813,0.64150882032839,0.432403536277062,0.271475195425486
814,0.707903590862177,0.683247665706953,0.556004372322404
815,0.663316390452366,0.271732077699915,0.242728973345638
816,0.686681148614834,0.516309281137075,0.358681326925134
817,1.12914609024822,0.977583099651125,0.717979076864686
818,0.592244000689853,0.495658653952949,0.438933501879652
819,0.714605830012303,0.461782981503046,0.292305212466548
820,0.602780776640263,0.374194837544812,0.269951295539066
821,0.566158883046161,0.381794360225672,0.24249959523768
822,1.00791796381924,0.831072720705164,0.700778694282838
823,0.717802317739668,0.515808890621386,0.300847011172776
824,0.780014627550195,0.512934651408643,0.291261291615462
825,0.792470197904422,0.530769233871276,0.288421436545267
826,0.5192687185664,0.402805872363934,0.301023105058542
827,0.672073575704056,0.38460710739711,0.291653604154758
828,0.811516557834775,0.641423812571632,0.346602114245883
829,1.0491868702178,0.83984109625348,0.325915845331118
830,0.84629252014145,0.647578701958079,0.470962659800736
831,0.680426188684787,0.441525581156507,0.26122364044482
832,0.751847004165002,0.521026255739356,0.49652728030877
833,0.699947033209722,0.612183792825359,0.430878444144269
834,0.925720990998269,0.603042185562781,0.388434677400255
835,1.1646238340602,0.434767472774374,0.274777314524904
836,1.01573778803238,0.828597289690393,0.579583575705839
837,0.866708211504672,0.715706131912398,0.616837037672756
838,0.526186775638617,0.457560883097473,0.329276704108655
839,0.564882754345025,0.390304966863139,0.310963297073914
840,1.09970572553119,0.613597753605746,0.480777417791449
841,0.675630788200826,0.389969962271747,0.365341581303659
842,0.650017353973782,0.500871170564706,0.350268276021668
843,0.580525319482138,0.44854161176075,0.315669995925949
844,1.02591163682228,0.511737573630114,0.353749916976201
845,0.737386217538811,0.487646622083154,0.400629957766697
846,0.979109185730144,0.571511720950785,0.453943428172481
847,0.696676460511546,0.313093379643372,0.209697554418724
848,0.361897893423153,0.351254939547049,0.299699577082242
849,1.098736677924,0.578139164299799,0.541649118762316
850,1.0890334352411,0.610236306153994,0.521013503886677
851,0.539999774814817,0.518221305586137,0.339346892804397
852,0.92823824056646,0.855335472743391,0.727503550206468
853,0.649833732662175,0.566901239926247,0.409237448420072
854,0.496920019010027,0.390783689693448,0.281760962175017
855,0.707745346660474,0.608852967599489,0.314768017803953
856,0.733197842017271,0.615694008240358,0.391472141685431
857,0.666872480973734,0.500214224468179,0.18114616789079
858,0.740741954297466,0.621008271907537,0.398074362432302
859,0.827071046302771,0.794815333804471,0.502535480055086
860,0.791225956465906,0.633787548180891,0.541981547121587
861,0.497588188417457,0.480578522371339,0.306421891132682
862,0.730568107627377,0.413035707643351,0.358723576887535
863,0.691410542741166,0.290525332766842,0.214030917384845
864,0.895603511982723,0.704837477311421,0.554591178194457
865,1.03870697714218,0.983172931186783,0.616549458827013
866,0.897087140898992,0.605393387714622,0.363016118705228
867,0.911772957710509,0.746329712713819,0.617046172774705
868,0.640212731817604,0.48803202985752,0.428784474859732
869,0.535551472628788,0.443157496733122,0.259202145076557
870,0.39156614262809,0.306195356260302,0.213970438011483
871,0.986551463110994,0.562993741941105,0.394229385527159
872,1.19452082844078,0.672361264157011,0.476036018736891
873,1.009554641874,0.529004966303851,0.488089115098901
874,0.454492625402097,0.363742148495567,0.24556528139788
875,0.766351075975395,0.618052968438273,0.316351258767936
876,0.708810051019884,0.588268041360492,0.55789608788763
877,0.753888259833787,0.374325889776777,0.332021609830966
878,0.780205171868109,0.673195631975515,0.51224947325613
879,1.14429306752086,0.44617200536379,0.390566761461235
880,0.70708133130798,0.399273217683806,0.352100911189245
881,0.641174231104195,0.400586062360982,0.186029719582499
882,0.572269112175337,0.521263787585636,0.288358259242695
883,0.712678229891423,0.578163156076386,0.283742716880943
884,0.443654395247989,0.362879024218791,0.30879473888994
885,0.686427889378174,0.524704546484873,0.405982049332655
886,0.709679683958863,0.514836101416293,0.473244291751036
887,0.842170636626192,0.60727391818887,0.369539287400907
888,0.865811348520363,0.593060108693523,0.38718024951127
889,0.623939594650056,0.495573043051154,0.422670485280768
890,0.803908359687697,0.429104675698292,0.35289899693994
891,0.939436388679712,0.533238422475675,0.364545178680844
892,0.823272951510937,0.43431295699671,0.207215627465475
893,0.750002562484876,0.598338311207686,0.383478750960499
894,0.97437264178665,0.321319788747042,0.283376136001611
895,0.782027532975457,0.527213797732296,0.420745454914507
896,0.688534498138002,0.396137438876478,0.347628754815496
897,0.62249330644164,0.565448330809607,0.522462176323015
898,0.993333634298735,0.653075831592136,0.486874826548358
899,0.765229577968353,0.710299026189608,0.682454035049844
900,0.769772545028855,0.343451236939669,0.22097525356537
901,0.802281017446949,0.543365609128937,0.301180551626378
902,0.581388789953441,0.53561962186219,0.501590159807736
903,0.689364713049715,0.391551865031267,0.246399589513788
904,0.684548014110396,0.434066696730968,0.216418448743298
905,0.70685238914406,0.646661466203047,0.62528140659513
906,0.855227726154725,0.496676172089378,0.279455690271727
907,0.591886345287835,0.461638436032818,0.380843005056959
908,0.846440991514837,0.580502226681228,0.460259546525162
909,0.981825731705706,0.713813996770439,0.25763072789426
910,0.66167186292797,0.489961784822279,0.386590810636131
911,0.936907911981166,0.720983955897418,0.597234173261488
912,0.582813559399125,0.356317741573107,0.244604672960014
913,1.20491974698613,0.573912007218105,0.337196651800462
914,0.81674627898312,0.546254209822241,0.420080495637848
915,0.952960133072237,0.537551340175308,0.308404358223972
916,1.16075051585858,1.09631268593957,0.416952453768357
917,0.931669199710943,0.560760293051932,0.521067968996542
918,0.595901162240751,0.50956090244901,0.451144589114694
919,1.12922966484388,0.75258138689499,0.365339119987919
920,0.749674953219933,0.610296743752541,0.551219803379139
921,0.760812442197712,0.380183892639519,0.34445266207883
922,1.12075391119961,0.950508532157997,0.917558320691594
923,0.684856473478221,0.382655972122244,0.330586699419602
924,0.583344837448326,0.484821820080313,0.375242750901343
925,0.450060784385169,0.364829569846907,0.356293871990828
926,1.04171155032877,0.716363117165744,0.282155356177831
927,0.734439306768349,0.502016785895685,0.2946711469257
928,0.669476908470594,0.645142972456068,0.575151832890451
929,0.678626748103103,0.508271799560554,0.457109490408261
930,0.981171833864667,0.907717130290156,0.510104961791955
931,0.731471844211788,0.559727584112171,0.104066659309985
932,1.20028808456301,0.707947017775955,0.428262032434174
933,0.661604528238836,0.501424652420105,0.36128072877932
934,0.871783996579049,0.61951343280634,0.543608523120884
935,0.743293749377555,0.53755003515686,0.511633663744234
936,0.526982357209425,0.426124285204302,0.358147303769594
937,0.672427196086624,0.441397050224386,0.413348073379572
938,0.758147520603927,0.525870150027122,0.436885435617822
939,0.935676625802866,0.801087406806134,0.53106568298632
940,1.17635290592893,0.906171206733096,0.873820201728535
941,0.636796111686756,0.588180639997441,0.394871187350311
942,0.585584820538718,0.47181613127116,0.212621825114002
943,0.538642533910383,0.470944553050289,0.266713669127529
944,0.89274522318992,0.673370358021866,0.549415509077993
945,1.18450743566153,0.692823995941841,0.518480248880171
946,0.707562243642958,0.681916978838438,0.617336203250826
947,0.715242931364579,0.607104608663931,0.407182737516718
948,0.72151234069231,0.518271250285663,0.302064358092681
949,0.621258555215985,0.528291175742201,0.276532413705609
950,0.859919559952741,0.598348369239384,0.296680030705011
951,0.831758650931922,0.770750592729792,0.544323013750416
952,0.808383542260595,0.52340329013086,0.404599910535739
953,0.603795757037466,0.428755673239248,0.413045999154374
954,0.597398244240497,0.511130967468567,0.276537489412661
955,0.659465546692333,0.637892284089211,0.28194355704769
956,0.578195209189644,0.370106605705909,0.330818560859558
957,0.828217898302962,0.616369530693268,0.359241660637465
958,1.10707178069573,0.921906075503408,0.729925341637124
959,0.411654662978199,0.294800390744644,0.269119012002266
960,0.546478467449169,0.390455149779228,0.35093922937033
961,0.877138326606285,0.479721809288711,0.424421236220601
962,0.909803175785667,0.554429537014643,0.389586199743038
963,1.00695493361687,0.682491293551141,0.455488445734598
964,0.509945968568182,0.465690708207404,0.427735525493037
965,0.933300847642722,0.852461484159827,0.697230878147699
966,0.693175069920531,0.48274024778109,0.351541862582207
967,0.687938694525605,0.384956993711139,0.247045770582484
968,0.628486905761438,0.445906483352687,0.428860499809762
969,1.05796303069073,0.785896547515299,0.567653209796539
970,0.70398765862947,0.552398854893183,0.37799224594608
971,0.390399849505194,0.292716234542914,0.1844178090506
972,0.488687458174717,0.392529276634101,0.299265477517372
973,0.640604670319007,0.435491252432003,0.332466431578296
974,0.827752008390383,0.631351915320256,0.479090305174627
975,0.905604162927325,0.600608354641363,0.565539588306951
976,0.665873691501534,0.534243640229907,0.12594739048581
977,0.97247926042187,0.834877722999629,0.681517545673325
978,0.795946709636684,0.463599201408449,0.380987259084648
979,0.537096286199255,0.425412749476805,0.249870349821851
980,0.89226663759399,0.572499173538025,0.407244966643592
981,0.7267258938368,0.558614755297059,0.386060743323388
982,0.670328212448507,0.543217729476893,0.33164560209931
983,0.531578535438997,0.490340032023461,0.331107349568001
984,0.469914411502398,0.358916325950691,0.27420089313654
985,0.821725793936542,0.695044306593897,0.543718414023822
986,0.921284548378472,0.635746105666539,0.413942287067729
987,0.896977777889474,0.435128761969178,0.392364961296805
988,0.619672074959962,0.61438596143035,0.462813883756207
989,1.02119452210352,0.525489886241992,0.257821873689846
990,1.23599812072872,1.00962573337607,0.627606723554325
991,0.488147863518948,0.360747014856754,0.232776758347956
992,0.845932711964321,0.636823242807911,0.519504063961001
993,0.69943502212574,0.651389304014884,0.502874497444693
994,0.827076157397757,0.544538999902332,0.442108934768088
995,0.532193746624943,0.423069251478702,0.403731973239151
996,0.86347777267488,0.569473259567121,0.437094414807779
997,0.75145701336422,0.492950649243792,0.414453445465239
998,0.874484735141405,0.458274542375224,0.333420892616491
999,1.01747068532472,0.533153855115795,0.513592379058255
1000,0.754292934848829,0.692311300055697,0.468071259801742
