howa_order,n_shots,criterion,n_starts,efficiency_vs_max_starts
3,8,D,20,1
3,8,D,100,1
3,8,D,200,1
3,8,D,400,1
3,8,I,20,0.993160772003481
3,8,I,100,1
3,8,I,200,1
3,8,I,400,1
3,12,D,20,0.978698088234636
3,12,D,100,1
3,12,D,200,1
3,12,D,400,1
3,12,I,20,1
3,12,I,100,1
3,12,I,200,1
3,12,I,400,1
3,19,D,20,1
3,19,D,100,1
3,19,D,200,1
3,19,D,400,1
3,19,I,20,1
3,19,I,100,1
3,19,I,200,1
3,19,I,400,1
4,8,D,20,1
4,8,D,100,1
4,8,D,200,1
4,8,D,400,1
4,8,I,20,0.999999999999999
4,8,I,100,1
4,8,I,200,1
4,8,I,400,1
4,12,D,20,0.975960955659469
4,12,D,100,0.975960955659469
4,12,D,200,1
4,12,D,400,1
4,12,I,20,0.980931769972075
4,12,I,100,0.980931769972075
4,12,I,200,0.99224829404301
4,12,I,400,1
4,19,D,20,1
4,19,D,100,1
4,19,D,200,1
4,19,D,400,1
4,19,I,20,1
4,19,I,100,1
4,19,I,200,1
4,19,I,400,1
5,8,D,20,0.999999999999999
5,8,D,100,0.999999999999999
5,8,D,200,0.999999999999999
5,8,D,400,1
5,8,I,20,0.983351180439521
5,8,I,100,0.999999999999997
5,8,I,200,1
5,8,I,400,1
5,12,D,20,0.966615389850268
5,12,D,100,0.966615389850268
5,12,D,200,0.999999999999999
5,12,D,400,1
5,12,I,20,0.964313571123248
5,12,I,100,1
5,12,I,200,1
5,12,I,400,1
5,19,D,20,0.999999999999999
5,19,D,100,1
5,19,D,200,1
5,19,D,400,1
5,19,I,20,0.999999999999998
5,19,I,100,1
5,19,I,200,1
5,19,I,400,1
