scenario,method,howa_order,n_shots,n_draws,n_rejected_draws,d_eff_median,d_eff_mean,d_eff_min,d_eff_max,i_eff_median,i_eff_mean,i_eff_min,i_eff_max,balance_quadrant_mean,balance_radial_mean,balance_scan_mean,violation_rate_quadrant,violation_rate_radial,violation_rate_scan,violation_rate_any
base,random,3,3,200,1,0.151056445681935,0.210181692304791,0.0132308269434346,0.751256405742118,0.0206651211342971,0.0876911327708713,1.04838934066651e-07,0.744490415547875,1.545,1.79,1.53,0.03,0.13,0.265,0.38
base,random,3,4,200,0,0.190361869645257,0.225264598441325,0.00927265720727146,0.690397773717687,0.0150025538649831,0.0481209731218778,3.4762300249429e-07,0.593491455527741,1.905,1.97,1.67,0.13,0.06,0.68,0.74
base,random,3,5,200,0,0.18515044095106,0.222042319380524,0.0164021343749522,0.575134690406004,0.0242452001673039,0.0517404797526069,2.47617809890716e-06,0.347281744499271,2.13,2.2,1.79,0.035,0.145,0.335,0.46
base,random,3,6,200,0,0.199719024308114,0.229158217965132,0.031643739533933,0.637582259823428,0.0304437154955493,0.0520973517091587,1.40397916738192e-06,0.474993123669845,2.425,2.46,1.76,0.13,0.39,0.68,0.82
mandatory,random_f,3,6,200,0,0.292468146072093,0.302626616104196,0.248674731680048,0.408625992009833,0.137805278855089,0.140469717815753,0.109944738179731,0.207917223983293,1.225,4.12,1.07,0,1,0.535,1
base,random,3,7,200,0,0.286745631888893,0.28135463452711,0.0588795662004367,0.653872441210517,0.0541330006604647,0.0729831555361482,0.00125303276861774,0.518701888637029,2.57,2.69,2.01,0.225,0.285,0.41,0.68
mandatory,random_f,3,7,200,0,0.305218564049312,0.314815289354016,0.220890093527465,0.523577516520758,0.136078591289,0.141728212562958,0.0882324864130069,0.261712993251149,1.735,4.18,1.61,0.085,0.725,0.305,0.855
base,random,3,8,200,0,0.310027690131517,0.322574301623431,0.0855503469613487,0.70514848350536,0.0659044488982402,0.0996787073419366,0.00224115555840958,0.527015248800071,2.78,2.805,2.04,0.535,0.32,0.69,0.905
mandatory,random_f,3,8,200,0,0.326071073916794,0.334669862539773,0.21875381854196,0.525247709768646,0.129818934498842,0.143817158866736,0.0768350511999838,0.300907522196217,2.05,4.465,1.73,0.185,0.82,0.69,0.98
base,random,3,9,200,0,0.350668828921828,0.35171285901524,0.119903866072282,0.803407944468547,0.0935707099383873,0.12238301242713,0.00466848553817274,0.656237976443094,2.845,3.01,2.37,0.315,0.555,0.49,0.815
mandatory,random_f,3,9,200,0,0.350112325104068,0.357608451417821,0.196399826351115,0.604236129998274,0.150030658824103,0.161506697395371,0.0692870348506208,0.4040058327518,2.31,4.425,1.92,0.08,0.915,0.37,0.985
base,random,3,10,200,0,0.357112175420148,0.365547970880055,0.132523230544926,0.700408248990602,0.120394711114962,0.146041894586783,0.00363359128473061,0.558750211346256,3.15,3.145,2.34,0.36,0.42,0.715,0.915
mandatory,random_f,3,10,200,0,0.37832794993467,0.377981818821931,0.219710178250946,0.675343544699662,0.174173386718011,0.183132718419867,0.0818653327098951,0.389367349053986,2.38,4.475,2,0.135,0.725,0.705,0.97
base,random,3,11,200,0,0.375204054931541,0.386225725929012,0.139363161281712,0.74708093811617,0.137877942721778,0.16836839747378,0.0156484258058454,0.645315306133533,3.14,3.455,2.47,0.45,0.475,0.54,0.87
mandatory,random_f,3,11,200,0,0.374894262403372,0.384497557949174,0.208704956291573,0.681298958906937,0.188041462802268,0.201139578666257,0.0763712236384056,0.564165246485085,2.645,4.67,2.26,0.24,0.765,0.48,0.91
base,random,3,12,200,0,0.409037195846917,0.412874542559565,0.163749780786936,0.694023818666407,0.171461699409744,0.194602056163329,0.0112263653990814,0.644409442181164,3.215,3.28,2.6,0.64,0.285,0.785,0.96
mandatory,random_f,3,12,200,0,0.397233708354671,0.403166642591974,0.223542321077273,0.633409832008627,0.206960443301801,0.217053430572436,0.0840317691665202,0.518445349576048,2.875,4.715,2.11,0.545,0.57,0.69,0.965
base,random,3,13,200,0,0.455484272993462,0.457503448265774,0.189483468337526,0.715067596253427,0.240392773755375,0.242790210500631,0.0370886822034657,0.594984639175546,3.265,3.52,2.85,0.395,0.485,0.57,0.84
mandatory,random_f,3,13,200,0,0.442969247027166,0.433048027599509,0.229262629442435,0.705617660783075,0.234557127674694,0.2429096219233,0.0859246050219433,0.583882865073401,2.87,4.665,2.6,0.32,0.74,0.54,0.955
base,random,3,14,200,0,0.451355146226908,0.456360294840906,0.225290908688695,0.690067295437023,0.220841127134242,0.238664196813905,0.0205948487859435,0.592975066590679,3.395,3.665,3.01,0.45,0.375,0.83,0.955
mandatory,random_f,3,14,200,0,0.436245677898842,0.447839612413056,0.222424037296736,0.742755014729761,0.232771354724169,0.26148344366425,0.0766188305948062,0.611941626790624,3.095,5.11,2.6,0.41,0.685,0.73,0.97
base,random,3,15,200,0,0.497777442164886,0.495936509576755,0.166634943811662,0.896264496055592,0.259460228275616,0.284575716360371,0.0146386466583618,0.791853443851844,3.53,3.75,2.71,0.515,0.355,0.56,0.865
mandatory,random_f,3,15,200,0,0.450351536334524,0.46066313362672,0.268549274837094,0.722370538792949,0.243686009092352,0.269064166716595,0.0926130758218413,0.613966857835392,3.25,5.27,2.62,0.475,0.67,0.52,0.945
base,random,3,16,200,0,0.49057991322881,0.494959901332336,0.208040343793565,0.810190056273761,0.262106152559502,0.279505065745677,0.0139138111494798,0.716094185286349,3.625,4.09,2.63,0.715,0.43,0.77,0.995
mandatory,random_f,3,16,200,0,0.473500189513179,0.482659318668826,0.304020845420167,0.779767626753357,0.263799061917806,0.292296370404029,0.133468575052025,0.744865185775194,3.47,5.265,2.53,0.715,0.67,0.75,0.99
base,random,3,17,200,0,0.515678155374481,0.513647285729267,0.292187681601476,0.762322141541406,0.293113273224138,0.299211164788134,0.0361880619040967,0.633103558588469,3.585,4.12,3.12,0.56,0.29,0.585,0.87
mandatory,random_f,3,17,200,0,0.493067612687831,0.498966226044634,0.289126449807375,0.723314263813673,0.292991439957453,0.307569312516201,0.108649322189419,0.594643225659621,3.455,5.115,2.78,0.46,0.48,0.53,0.875
base,random,3,18,200,0,0.544231005420523,0.541255660789955,0.322662699948575,0.865279413560152,0.328213325943607,0.332308237132503,0.0481356853195063,0.775257445610187,3.85,4.19,2.82,0.57,0.475,0.795,0.97
mandatory,random_f,3,18,200,0,0.50605354513583,0.517505977468436,0.288514217651675,0.74428531417209,0.314636742440517,0.32648794114609,0.0940363595621767,0.637768544476425,3.715,5.52,2.76,0.485,0.66,0.725,0.975
base,random,3,19,200,0,0.557385836600661,0.555835092892076,0.311725998408436,0.823560272456628,0.344725831458539,0.352439216568773,0.0757816848807202,0.749190677909301,3.8,4.375,3.15,0.585,0.345,0.6,0.88
mandatory,random_f,3,19,200,0,0.537617646129622,0.547864921212071,0.340319315346622,0.767878348845622,0.356756603812319,0.364733514541435,0.118306638605217,0.658154711358782,3.55,5.435,3.09,0.47,0.53,0.57,0.925
base,random,4,4,200,51,0.107673063837996,0.138474441675888,0.00404896444445053,0.649893357897584,0.000783743586810206,0.0160221306265135,4.22749146616536e-09,0.324143928101134,1.8,2.005,1.52,0.135,0.045,0.65,0.705
base,random,4,5,200,14,0.106390639165019,0.132627997956828,0.00615206324679644,0.555432915786646,0.00202959207427465,0.0086812454774738,1.15521581263359e-07,0.18440610168252,2.135,2.125,1.77,0.05,0.125,0.36,0.45
base,random,4,6,200,4,0.158653164057763,0.187106017867466,0.0118036357418578,0.553667995248261,0.00507962549749874,0.0203658207204319,8.96562498111731e-08,0.380982649112686,2.3,2.245,1.71,0.11,0.36,0.66,0.815
mandatory,random_f,4,6,200,55,0.238690782938712,0.249325957954704,0.168865529829622,0.340177919697904,0.0675811431746132,0.0619588315025685,0.00846060653443926,0.0886606292565912,1.3,4.06,1,0,1,0.5,1
base,random,4,7,200,0,0.195121402658432,0.218418707135485,0.019173958687224,0.662546291380476,0.00965426594797252,0.0299175352144765,1.15848732334762e-07,0.308522363679525,2.48,2.62,2.15,0.19,0.25,0.475,0.705
mandatory,random_f,4,7,200,9,0.228612760834176,0.237768035730696,0.13146591494839,0.442890340219296,0.0453622310122672,0.0483654442729805,0.00449872109331641,0.122149078167343,1.71,4.17,1.62,0.08,0.725,0.31,0.88
base,random,4,8,200,0,0.21595809732512,0.228178473557201,0.0319162342963991,0.537803522337215,0.0147034044215594,0.0341886092067561,3.41289947726951e-07,0.285797472114775,2.68,2.64,2.11,0.465,0.275,0.68,0.85
mandatory,random_f,4,8,200,2,0.245604314769474,0.251289582761827,0.118377458450137,0.430214665599446,0.0510129092501191,0.0583342266295141,0.00378040344001951,0.147868856904684,1.91,4.295,1.49,0.175,0.78,0.615,0.95
base,random,4,9,200,0,0.238173796491331,0.243736010725307,0.0435860801868229,0.564311434115405,0.0205746015611341,0.037531156415585,3.10021368371709e-05,0.285808898842995,2.745,2.85,2.28,0.27,0.53,0.465,0.83
mandatory,random_f,4,9,200,0,0.253947289757761,0.262330224386411,0.125932938818268,0.498421574612244,0.0558573353938746,0.0641809825701384,0.00373399456626187,0.260855749791834,2.29,4.52,1.95,0.09,0.9,0.4,0.975
base,random,4,10,200,0,0.259864487510047,0.271948692645635,0.065221198349101,0.783155069228249,0.0292617689102035,0.0593970793633618,0.000369484177480671,0.530542320010721,2.925,3.16,2.32,0.35,0.4,0.715,0.89
mandatory,random_f,4,10,200,0,0.261774232763598,0.267345165111273,0.137980824337679,0.613806591843541,0.0654228778836013,0.0721391697142402,0.0191707733947003,0.330581374261172,2.495,4.65,2.02,0.18,0.77,0.71,0.96
base,random,4,11,200,0,0.281823232751043,0.283594136570475,0.0803342148717498,0.575066017179108,0.0516366777720174,0.0663764187149829,0.00084584461092136,0.38702056418764,3.205,3.27,2.57,0.46,0.43,0.49,0.865
mandatory,random_f,4,11,200,0,0.257023086200337,0.271082485919365,0.115262643016993,0.554165836716611,0.0638155641291464,0.0775663848470619,0.0172395648150372,0.279767786353244,2.735,4.775,2.17,0.315,0.79,0.45,0.94
base,random,4,12,200,0,0.314069937673995,0.320274129151107,0.0743082527514562,0.724069397877649,0.064496959036879,0.0882490861536122,0.00104373459025905,0.54798896375347,3.13,3.17,2.32,0.58,0.23,0.7,0.88
mandatory,random_f,4,12,200,0,0.298350145402583,0.308052699964908,0.153276153198214,0.592764680020988,0.0776167373206051,0.0950104981777536,0.0265748765728102,0.354460845856448,2.785,4.735,2.31,0.5,0.625,0.73,0.97
base,random,4,13,200,0,0.334842992138034,0.336612434716205,0.103371261133273,0.666399417322647,0.0752340531348437,0.0933160258334178,0.00106948172354904,0.490841462129899,3.305,3.435,2.68,0.445,0.445,0.57,0.865
mandatory,random_f,4,13,200,0,0.313874671242586,0.325861669763654,0.11881769332076,0.571996559697081,0.0907913904325601,0.108463218195951,0.018092177663608,0.370451538543493,2.895,4.935,2.72,0.305,0.77,0.575,0.945
base,random,4,14,200,0,0.346524858127686,0.356058922423774,0.124280771944683,0.716152339678377,0.0874621393509661,0.108335911473797,0.00236295480098091,0.509524372496854,3.35,3.735,2.94,0.45,0.385,0.79,0.93
mandatory,random_f,4,14,200,0,0.34562972619018,0.346152552734155,0.177314078301555,0.597856022519524,0.102258905581466,0.116013639347433,0.0286073502246298,0.347750915247623,2.965,5.025,2.7,0.315,0.665,0.79,0.965
base,random,4,15,200,0,0.368531569547299,0.378503096394153,0.0997486215928672,0.721651206107242,0.100708704696014,0.131465640559691,0.00294464582054995,0.60160845714233,3.65,3.76,3.09,0.57,0.36,0.62,0.915
mandatory,random_f,4,15,200,0,0.36985380780098,0.381534235047621,0.165156216262091,0.661448310480044,0.122728093226075,0.145430468026668,0.0253515077783026,0.467884262955692,3.145,4.935,2.8,0.38,0.595,0.56,0.905
base,random,4,16,200,0,0.396979284615127,0.405304350409296,0.132779443048957,0.710709402705406,0.122750314566667,0.150701304374634,0.000523134769144949,0.606555647734269,3.51,4.07,2.94,0.71,0.44,0.825,0.965
mandatory,random_f,4,16,200,0,0.382310930550251,0.391146705600729,0.182746458242686,0.750842992923386,0.126828152208101,0.153676201544788,0.0316705193685745,0.533924748366844,3.26,5.12,2.78,0.655,0.665,0.765,0.985
base,random,4,17,200,0,0.429616549235546,0.427585160294744,0.191996661675427,0.698049743365163,0.14586989890796,0.169031651544088,0.0118752579497795,0.545229558410026,3.79,3.98,2.99,0.565,0.245,0.6,0.85
mandatory,random_f,4,17,200,0,0.407061941850181,0.413070098317925,0.192751984638264,0.662945608978399,0.151602983904647,0.170500615649657,0.0392238070215502,0.448251752055497,3.515,5.255,3.12,0.515,0.505,0.635,0.93
base,random,4,18,200,0,0.439019563307618,0.447023557220339,0.222381304023414,0.729228130006803,0.153806227590072,0.183556173619729,0.00983322790325371,0.576417093106616,3.88,4.23,2.72,0.535,0.47,0.765,0.985
mandatory,random_f,4,18,200,0,0.429465770100504,0.440955780309888,0.229170608959894,0.813760418646198,0.181821678311753,0.196920409803557,0.0471362421623232,0.65660494353954,3.615,5.26,2.71,0.53,0.65,0.79,0.98
base,random,4,19,200,0,0.47331768425533,0.476676141764988,0.237846176762402,0.810943700882943,0.197923968113625,0.224451710837565,0.0166222007536917,0.688805621287364,3.61,4.31,3.19,0.52,0.345,0.66,0.9
mandatory,random_f,4,19,200,0,0.434731703492374,0.444991237047219,0.246093313547396,0.686467803249561,0.175802561440729,0.197855370695512,0.0384236656287416,0.47178332264837,3.685,5.385,3.18,0.56,0.57,0.635,0.98
base,random,5,6,200,6,0.0639929434377566,0.0850618890925596,0.00155310134103691,0.562262850268513,2.53790622600548e-05,0.00240120146899231,6.35686996125962e-12,0.133372271647909,2.31,2.375,1.8,0.13,0.39,0.685,0.825
mandatory,random_f,5,6,200,44,0.148751269990619,0.140563399908187,0.0515061740427849,0.251934186871721,0.000243449417542995,0.00767187357113498,2.5404832830194e-06,0.0291524140997578,1.255,4.13,1.03,0,1,0.515,1
base,random,5,7,200,3,0.0954856265489317,0.115679979810322,0.0084059718365912,0.479969917093169,0.000342677689791356,0.00287700013836355,1.90125695642663e-08,0.106322391160932,2.435,2.465,2.02,0.23,0.22,0.415,0.655
mandatory,random_f,5,7,200,12,0.136030069714494,0.141981666708677,0.0355324523072628,0.358526657012748,0.00446046272474879,0.00605863948348204,6.52502060772787e-07,0.0358136389984281,1.735,4.35,1.52,0.085,0.755,0.26,0.88
base,random,5,8,200,0,0.121186406347484,0.138699079350803,0.00356197570248484,0.443243519507499,0.00129991711612211,0.00470173351245662,4.94060966182498e-09,0.124283057655252,2.73,2.785,1.86,0.515,0.3,0.65,0.895
mandatory,random_f,5,8,200,0,0.161427026256898,0.170623791268295,0.030806296206988,0.448743841477409,0.00859717396171388,0.0117638764236713,4.47414118406376e-07,0.0925551604145638,1.96,4.37,1.58,0.195,0.8,0.635,0.97
base,random,5,9,200,0,0.16418225728982,0.184222502470781,0.00877453919554801,0.615155875980246,0.00234451226992102,0.0112318014124201,5.51870128362319e-07,0.179238439250965,2.84,3.07,2.48,0.3,0.56,0.51,0.88
mandatory,random_f,5,9,200,1,0.200658641572639,0.202871767170173,0.0592216443424018,0.622556932067904,0.0135827950287874,0.0193500161945042,6.15645331704012e-06,0.271428950057017,2.325,4.41,1.88,0.075,0.885,0.38,0.965
base,random,5,10,200,0,0.18608717169574,0.20655786826936,0.0317851379546547,0.518888979404918,0.00527185198926454,0.0217283185830283,2.77148164427464e-07,0.229158671711008,2.9,3.11,2.55,0.32,0.35,0.77,0.895
mandatory,random_f,5,10,200,0,0.190720284671368,0.203103255880643,0.0449486303403054,0.457630365207766,0.0158800420274774,0.0241056739339459,3.71955722250024e-07,0.143836804302177,2.53,4.485,1.97,0.17,0.715,0.695,0.93
base,random,5,11,200,0,0.206201382373092,0.215187670697292,0.0477494222326282,0.467921683895126,0.00999306193210281,0.0238606124595512,2.85382264335351e-06,0.271178038146063,3.005,3.25,2.64,0.385,0.41,0.545,0.84
mandatory,random_f,5,11,200,0,0.200133223584458,0.217225604677136,0.0772461455709736,0.554813514231031,0.0226292978211693,0.0329297738432012,7.3250315242456e-05,0.31779935040466,2.59,4.555,2.56,0.245,0.765,0.58,0.945
base,random,5,12,200,0,0.224439875713781,0.240900352573298,0.0771787064586927,0.55157233096748,0.0141190573155525,0.0353085534111183,3.97820712633983e-06,0.270714024404825,3.145,3.315,2.43,0.595,0.255,0.745,0.94
mandatory,random_f,5,12,200,0,0.210675800795255,0.2248161541101,0.0666751769407276,0.454635617861509,0.0242929986064301,0.0348628468253424,0.00105133084379228,0.193996592269604,2.91,4.78,2.46,0.56,0.585,0.765,0.99
base,random,5,13,200,0,0.247131755515035,0.252971786220737,0.0640422082166458,0.511815507913337,0.0192826970218731,0.0363401787841571,3.97134482145456e-06,0.238585539983152,3.485,3.365,2.85,0.5,0.445,0.515,0.9
mandatory,random_f,5,13,200,0,0.230407757383896,0.247618160560489,0.107508534132277,0.566796640719736,0.0315700561824507,0.0433188928069598,0.00455249756053247,0.31987154134606,2.98,5.06,2.57,0.345,0.815,0.545,0.96
base,random,5,14,200,0,0.269109038249596,0.277397614972249,0.0546374113188706,0.616779637877346,0.0232166757491933,0.046224596995005,4.06314640446923e-06,0.385708180149562,3.545,3.69,2.67,0.44,0.37,0.775,0.945
mandatory,random_f,5,14,200,0,0.264122988307618,0.272865012500719,0.110319672826539,0.539940490136286,0.0378728920173879,0.0544391577233648,0.00801261205876743,0.280360864405639,2.92,4.83,2.67,0.31,0.615,0.81,0.955
base,random,5,15,200,0,0.290784898608422,0.306101300166981,0.0713153424081576,0.579962080663061,0.0299594480631198,0.0588131611104801,3.07306935261174e-06,0.294645300739757,3.55,3.625,3.08,0.53,0.36,0.645,0.905
mandatory,random_f,5,15,200,0,0.269372890298955,0.279454070887247,0.0902898623821833,0.555195731943998,0.0415362286324819,0.0593953136058954,0.00566006406743553,0.327088246144961,3.15,5.42,2.73,0.445,0.72,0.6,0.945
base,random,5,16,200,0,0.331715609883739,0.32928787575937,0.0751849801546126,0.714048580501763,0.0457183176664988,0.0735505211839519,0.000585549309855422,0.48482303427757,3.675,3.845,2.58,0.73,0.38,0.765,0.98
mandatory,random_f,5,16,200,0,0.306726998492687,0.321984286057164,0.135598394032905,0.700067298829834,0.0566272333242732,0.0822662696466339,0.00778680846166675,0.433481778333893,3.37,5.11,2.73,0.685,0.685,0.77,0.99
base,random,5,17,200,0,0.354267973498662,0.355080549314643,0.0866819134745902,0.646452133904249,0.0510171057895719,0.0862742179398752,0.000764450321961773,0.425841226808271,3.63,4.155,2.91,0.53,0.27,0.575,0.875
mandatory,random_f,5,17,200,0,0.331428251216048,0.343477354638513,0.170023470540112,0.672507625359465,0.0678085744881992,0.0899928300194774,0.0169531326316343,0.477768849493085,3.375,5.365,2.92,0.445,0.555,0.6,0.905
base,random,5,18,200,0,0.376698155348726,0.388562879897196,0.121190092293522,0.740704526301569,0.0752710752025162,0.104011153367218,0.00108757476547922,0.513160901406255,3.635,4.075,2.97,0.52,0.395,0.835,0.95
mandatory,random_f,5,18,200,0,0.357379993494542,0.359741886888259,0.158349230168463,0.581250316323691,0.0805744994534148,0.0964316850176732,0.0167652598216017,0.337970729916337,3.48,5.565,2.51,0.475,0.68,0.76,0.97
base,random,5,19,200,0,0.383665390413275,0.395968839989407,0.117320387116824,0.767097027941206,0.0832500208777253,0.113724130403756,0.000927573852246928,0.530165194499425,4.02,4.385,2.95,0.665,0.365,0.575,0.935
mandatory,random_f,5,19,200,0,0.375424868747369,0.38197636376189,0.142968720870163,0.68450290332875,0.0916551854841643,0.119326108372178,0.0160418936019217,0.521504978737301,3.625,5.71,3.04,0.525,0.62,0.565,0.925
