shot_id,col,row,x_mm,y_mm,u,v,r_norm,quadrant,radial_region,scan_sign,scan_direction,is_candidate,cand_index,n_valid_marks,is_mandatory,radial_region_name,is_partial
1,-1,5,-26,165,-0.173333333333333,1.1,1.11357282853186,2,3,-1,Down,0,0,0,0,Outer,1
2,0,5,0,165,0,1.1,1.1,2,3,1,Up,0,0,0,0,Outer,1
3,1,5,26,165,0.173333333333333,1.1,1.11357282853186,1,3,-1,Down,0,0,0,0,Outer,1
4,-4,4,-104,132,-0.693333333333333,0.88,1.12031741533867,2,3,1,Up,0,0,0,0,Outer,1
5,-3,4,-78,132,-0.52,0.88,1.02215458713445,2,3,-1,Down,0,0,1,0,Outer,1
6,-2,4,-52,132,-0.346666666666667,0.88,0.945821218718304,2,3,1,Up,0,0,2,0,Outer,1
7,-1,4,-26,132,-0.173333333333333,0.88,0.896908269804914,2,3,-1,Down,0,0,2,0,Outer,1
8,0,4,0,132,0,0.88,0.88,2,3,1,Up,0,0,2,0,Outer,1
9,1,4,26,132,0.173333333333333,0.88,0.896908269804914,1,3,-1,Down,0,0,2,0,Outer,1
10,2,4,52,132,0.346666666666667,0.88,0.945821218718304,1,3,1,Up,0,0,2,0,Outer,1
11,3,4,78,132,0.52,0.88,1.02215458713445,1,3,-1,Down,0,0,1,0,Outer,1
12,4,4,104,132,0.693333333333333,0.88,1.12031741533867,1,3,1,Up,0,0,0,0,Outer,1
13,-5,3,-130,99,-0.866666666666667,0.66,1.08936270870225,2,3,-1,Down,0,0,1,0,Outer,1
14,-4,3,-104,99,-0.693333333333333,0.66,0.957241406914218,2,3,1,Up,0,0,3,0,Outer,1
15,-3,3,-78,99,-0.52,0.66,0.840238061504,2,3,-1,Down,0,0,4,0,Outer,1
16,-2,3,-52,99,-0.346666666666667,0.66,0.745505048794291,2,3,1,Up,1,1,4,0,Outer,0
17,-1,3,-26,99,-0.173333333333333,0.66,0.68238145083556,2,2,-1,Down,1,2,4,0,Middle,0
18,0,3,0,99,0,0.66,0.66,2,2,1,Up,1,3,4,1,Middle,0
19,1,3,26,99,0.173333333333333,0.66,0.68238145083556,1,2,-1,Down,1,4,4,0,Middle,0
20,2,3,52,99,0.346666666666667,0.66,0.745505048794291,1,3,1,Up,1,5,4,0,Outer,0
21,3,3,78,99,0.52,0.66,0.840238061504,1,3,-1,Down,0,0,4,0,Outer,1
22,4,3,104,99,0.693333333333333,0.66,0.957241406914218,1,3,1,Up,0,0,3,0,Outer,1
23,5,3,130,99,0.866666666666667,0.66,1.08936270870225,1,3,-1,Down,0,0,1,0,Outer,1
24,-5,2,-130,66,-0.866666666666667,0.44,0.971962504992405,2,3,-1,Down,0,0,2,0,Outer,1
25,-4,2,-104,66,-0.693333333333333,0.44,0.821164484808684,2,3,1,Up,1,6,4,0,Outer,0
26,-3,2,-78,66,-0.52,0.44,0.681175454637056,2,2,-1,Down,1,7,4,0,Middle,0
27,-2,2,-52,66,-0.346666666666667,0.44,0.560158707669333,2,2,1,Up,1,8,4,0,Middle,0
28,-1,2,-26,66,-0.173333333333333,0.44,0.472910609359152,2,1,-1,Down,1,9,4,0,Inner,0
29,0,2,0,66,0,0.44,0.44,2,1,1,Up,1,10,4,0,Inner,0
30,1,2,26,66,0.173333333333333,0.44,0.472910609359152,1,1,-1,Down,1,11,4,0,Inner,0
31,2,2,52,66,0.346666666666667,0.44,0.560158707669333,1,2,1,Up,1,12,4,0,Middle,0
32,3,2,78,66,0.52,0.44,0.681175454637056,1,2,-1,Down,1,13,4,0,Middle,0
33,4,2,104,66,0.693333333333333,0.44,0.821164484808684,1,3,1,Up,1,14,4,0,Outer,0
34,5,2,130,66,0.866666666666667,0.44,0.971962504992405,1,3,-1,Down,0,0,2,0,Outer,1
35,-6,1,-156,33,-1.04,0.22,1.06301458127347,2,3,1,Up,0,0,1,0,Outer,1
36,-5,1,-130,33,-0.866666666666667,0.22,0.894153852036164,2,3,-1,Down,0,0,3,0,Outer,1
37,-4,1,-104,33,-0.693333333333333,0.22,0.727400241346613,2,3,1,Up,1,15,4,0,Outer,0
38,-3,1,-78,33,-0.52,0.22,0.564623768539724,2,2,-1,Down,1,16,4,0,Middle,0
39,-2,1,-52,33,-0.346666666666667,0.22,0.410582242404342,2,1,1,Up,1,17,4,0,Inner,0
40,-1,1,-26,33,-0.173333333333333,0.22,0.280079353834667,2,1,-1,Down,1,18,4,0,Inner,0
41,0,1,0,33,0,0.22,0.22,2,1,1,Up,1,19,4,0,Inner,0
42,1,1,26,33,0.173333333333333,0.22,0.280079353834667,1,1,-1,Down,1,20,4,0,Inner,0
43,2,1,52,33,0.346666666666667,0.22,0.410582242404342,1,1,1,Up,1,21,4,0,Inner,0
44,3,1,78,33,0.52,0.22,0.564623768539724,1,2,-1,Down,1,22,4,0,Middle,0
45,4,1,104,33,0.693333333333333,0.22,0.727400241346613,1,3,1,Up,1,23,4,0,Outer,0
46,5,1,130,33,0.866666666666667,0.22,0.894153852036164,1,3,-1,Down,0,0,3,0,Outer,1
47,6,1,156,33,1.04,0.22,1.06301458127347,1,3,1,Up,0,0,1,0,Outer,1
48,-6,0,-156,0,-1.04,0,1.04,3,3,1,Up,0,0,2,0,Outer,1
49,-5,0,-130,0,-0.866666666666667,0,0.866666666666667,3,3,-1,Down,1,24,4,0,Outer,0
50,-4,0,-104,0,-0.693333333333333,0,0.693333333333333,3,2,1,Up,1,25,4,0,Middle,0
51,-3,0,-78,0,-0.52,0,0.52,3,2,-1,Down,1,26,4,1,Middle,0
52,-2,0,-52,0,-0.346666666666667,0,0.346666666666667,3,1,1,Up,1,27,4,0,Inner,0
53,-1,0,-26,0,-0.173333333333333,0,0.173333333333333,3,1,-1,Down,1,28,4,0,Inner,0
54,0,0,0,0,0,0,0,1,1,1,Up,1,29,4,1,Inner,0
55,1,0,26,0,0.173333333333333,0,0.173333333333333,1,1,-1,Down,1,30,4,0,Inner,0
56,2,0,52,0,0.346666666666667,0,0.346666666666667,1,1,1,Up,1,31,4,0,Inner,0
57,3,0,78,0,0.52,0,0.52,1,2,-1,Down,1,32,4,1,Middle,0
58,4,0,104,0,0.693333333333333,0,0.693333333333333,1,2,1,Up,1,33,4,0,Middle,0
59,5,0,130,0,0.866666666666667,0,0.866666666666667,1,3,-1,Down,1,34,4,0,Outer,0
60,6,0,156,0,1.04,0,1.04,1,3,1,Up,0,0,2,0,Outer,1
61,-6,-1,-156,-33,-1.04,-0.22,1.06301458127347,3,3,1,Up,0,0,1,0,Outer,1
62,-5,-1,-130,-33,-0.866666666666667,-0.22,0.894153852036164,3,3,-1,Down,0,0,3,0,Outer,1
63,-4,-1,-104,-33,-0.693333333333333,-0.22,0.727400241346613,3,3,1,Up,1,35,4,0,Outer,0
64,-3,-1,-78,-33,-0.52,-0.22,0.564623768539724,3,2,-1,Down,1,36,4,0,Middle,0
65,-2,-1,-52,-33,-0.346666666666667,-0.22,0.410582242404342,3,1,1,Up,1,37,4,0,Inner,0
66,-1,-1,-26,-33,-0.173333333333333,-0.22,0.280079353834667,3,1,-1,Down,1,38,4,0,Inner,0
67,0,-1,0,-33,0,-0.22,0.22,4,1,1,Up,1,39,4,0,Inner,0
68,1,-1,26,-33,0.173333333333333,-0.22,0.280079353834667,4,1,-1,Down,1,40,4,0,Inner,0
69,2,-1,52,-33,0.346666666666667,-0.22,0.410582242404342,4,1,1,Up,1,41,4,0,Inner,0
70,3,-1,78,-33,0.52,-0.22,0.564623768539724,4,2,-1,Down,1,42,4,0,Middle,0
71,4,-1,104,-33,0.693333333333333,-0.22,0.727400241346613,4,3,1,Up,1,43,4,0,Outer,0
72,5,-1,130,-33,0.866666666666667,-0.22,0.894153852036164,4,3,-1,Down,0,0,3,0,Outer,1
73,6,-1,156,-33,1.04,-0.22,1.06301458127347,4,3,1,Up,0,0,1,0,Outer,1
74,-5,-2,-130,-66,-0.866666666666667,-0.44,0.971962504992405,3,3,-1,Down,0,0,2,0,Outer,1
75,-4,-2,-104,-66,-0.693333333333333,-0.44,0.821164484808684,3,3,1,Up,1,44,4,0,Outer,0
76,-3,-2,-78,-66,-0.52,-0.44,0.681175454637056,3,2,-1,Down,1,45,4,0,Middle,0
77,-2,-2,-52,-66,-0.346666666666667,-0.44,0.560158707669333,3,2,1,Up,1,46,4,0,Middle,0
78,-1,-2,-26,-66,-0.173333333333333,-0.44,0.472910609359152,3,1,-1,Down,1,47,4,0,Inner,0
79,0,-2,0,-66,0,-0.44,0.44,4,1,1,Up,1,48,4,0,Inner,0
80,1,-2,26,-66,0.173333333333333,-0.44,0.472910609359152,4,1,-1,Down,1,49,4,0,Inner,0
81,2,-2,52,-66,0.346666666666667,-0.44,0.560158707669333,4,2,1,Up,1,50,4,0,Middle,0
82,3,-2,78,-66,0.52,-0.44,0.681175454637056,4,2,-1,Down,1,51,4,0,Middle,0
83,4,-2,104,-66,0.693333333333333,-0.44,0.821164484808684,4,3,1,Up,1,52,4,0,Outer,0
84,5,-2,130,-66,0.866666666666667,-0.44,0.971962504992405,4,3,-1,Down,0,0,2,0,Outer,1
85,-5,-3,-130,-99,-0.866666666666667,-0.66,1.08936270870225,3,3,-1,Down,0,0,1,0,Outer,1
86,-4,-3,-104,-99,-0.693333333333333,-0.66,0.957241406914218,3,3,1,Up,0,0,3,0,Outer,1
87,-3,-3,-78,-99,-0.52,-0.66,0.840238061504,3,3,-1,Down,0,0,4,0,Outer,1
88,-2,-3,-52,-99,-0.346666666666667,-0.66,0.745505048794291,3,3,1,Up,1,53,4,0,Outer,0
89,-1,-3,-26,-99,-0.173333333333333,-0.66,0.68238145083556,3,2,-1,Down,1,54,4,0,Middle,0
90,0,-3,0,-99,0,-0.66,0.66,4,2,1,Up,1,55,4,1,Middle,0
91,1,-3,26,-99,0.173333333333333,-0.66,0.68238145083556,4,2,-1,Down,1,56,4,0,Middle,0
92,2,-3,52,-99,0.346666666666667,-0.66,0.745505048794291,4,3,1,Up,1,57,4,0,Outer,0
93,3,-3,78,-99,0.52,-0.66,0.840238061504,4,3,-1,Down,0,0,4,0,Outer,1
94,4,-3,104,-99,0.693333333333333,-0.66,0.957241406914218,4,3,1,Up,0,0,3,0,Outer,1
95,5,-3,130,-99,0.866666666666667,-0.66,1.08936270870225,4,3,-1,Down,0,0,1,0,Outer,1
96,-4,-4,-104,-132,-0.693333333333333,-0.88,1.12031741533867,3,3,1,Up,0,0,0,0,Outer,1
97,-3,-4,-78,-132,-0.52,-0.88,1.02215458713445,3,3,-1,Down,0,0,1,0,Outer,1
98,-2,-4,-52,-132,-0.346666666666667,-0.88,0.945821218718304,3,3,1,Up,0,0,2,0,Outer,1
99,-1,-4,-26,-132,-0.173333333333333,-0.88,0.896908269804914,3,3,-1,Down,0,0,2,0,Outer,1
100,0,-4,0,-132,0,-0.88,0.88,4,3,1,Up,0,0,2,0,Outer,1
101,1,-4,26,-132,0.173333333333333,-0.88,0.896908269804914,4,3,-1,Down,0,0,2,0,Outer,1
102,2,-4,52,-132,0.346666666666667,-0.88,0.945821218718304,4,3,1,Up,0,0,2,0,Outer,1
103,3,-4,78,-132,0.52,-0.88,1.02215458713445,4,3,-1,Down,0,0,1,0,Outer,1
104,4,-4,104,-132,0.693333333333333,-0.88,1.12031741533867,4,3,1,Up,0,0,0,0,Outer,1
105,-1,-5,-26,-165,-0.173333333333333,-1.1,1.11357282853186,3,3,-1,Down,0,0,0,0,Outer,1
106,0,-5,0,-165,0,-1.1,1.1,4,3,1,Up,0,0,0,0,Outer,1
107,1,-5,26,-165,0.173333333333333,-1.1,1.11357282853186,4,3,-1,Down,0,0,0,0,Outer,1
