howa_order,n_shots,criterion,soft_weight,violation_quadrant,violation_radial,violation_scan,violation_total,balance_quadrant,balance_radial,balance_scan,d_efficiency,i_efficiency,rms_vec_mean_nm,rms_vec_p95_nm,rms_vec_interior_mean_nm,optimization_time_s
3,8,D,0,0,6,4,10,2,8,4,1,0.85424488109571,1.31165723512182,1.88950136257304,1.2382978784981,0.761130334
3,8,D,0.02,0,2,0,2,2,5,0,0.993480681205967,0.952450622112361,1.24847887838794,1.66531668376163,1.07100924496775,1.014198416
3,8,D,0.05,0,2,0,2,2,5,0,0.993480681205967,0.952450622112361,1.24847887838794,1.66531668376163,1.07100924496775,0.965970542
3,8,D,0.1,0,2,0,2,2,5,0,0.993480681205967,0.952450622112361,1.24847887838794,1.66531668376163,1.07100924496775,1.136853375
3,8,D,0.2,0,2,0,2,2,5,0,0.993480681205967,0.952450622112361,1.24847887838794,1.66531668376163,1.07100924496775,1.097070875
3,8,D,0.5,0,1,0,1,2,4,0,0.959041046398051,0.926072918391379,1.28353538997316,1.68420563002941,1.07257819000608,1.0285915
3,8,D,1,0,0,0,0,2,3,0,0.908782320419449,0.835190091564138,1.29889131328721,1.7073012399585,1.07843033070714,1.051125083
3,8,D,2,0,0,0,0,2,3,0,0.908782320419449,0.835190091564138,1.29770347073963,1.71869019745815,1.08091859590407,1.1065745
3,8,D,5,0,0,0,0,2,3,0,0.908782320419449,0.835190091564138,1.29770347073963,1.71869019745815,1.08091859590407,1.11808275
3,8,I,0,0,4,4,8,2,7,4,0.981874144010247,1,1.22350693100044,1.61962687899847,1.05455103142764,1.368548375
3,8,I,0.02,0,1,0,1,2,4,0,0.954181537119647,0.96181060779361,1.27960845313885,1.69110879272902,1.05383983089757,1.46396275
3,8,I,0.05,0,1,0,1,2,4,0,0.954181537119647,0.96181060779361,1.27960845313885,1.69110879272902,1.05383983089757,1.458913709
3,8,I,0.1,0,0,0,0,2,3,0,0.907301604437036,0.876508044444434,1.29088798799195,1.7128445030453,1.05169555956753,1.490147417
3,8,I,0.2,0,0,0,0,2,3,0,0.907301604437036,0.876508044444434,1.29088798799195,1.7128445030453,1.05169555956753,1.581001334
3,8,I,0.5,0,0,0,0,2,3,0,0.907301604437036,0.876508044444434,1.29129488715204,1.71089228576908,1.0486705726294,1.593501459
3,8,I,1,0,0,0,0,2,3,0,0.907301604437036,0.876508044444434,1.29129488715204,1.71089228576908,1.0486705726294,1.616975917
3,8,I,2,0,0,0,0,2,3,0,0.907301604437036,0.876508044444434,1.29129488715204,1.71089228576908,1.0486705726294,1.700209292
3,8,I,5,0,0,0,0,2,3,0,0.907301604437036,0.876508044444434,1.29129488715204,1.71089228576908,1.0486705726294,1.604355959
3,12,D,0,0,6,8,14,2,10,8,1,0.998514764237797,1.08735166578031,1.39969793213129,0.980697354594423,1.214048625
3,12,D,0.02,0,6,4,10,0,10,4,0.993721719911386,1,1.05857732087833,1.36651985770588,0.907050266218223,1.11073325
3,12,D,0.05,0,2,0,2,0,6,0,0.966016450589695,0.96578301245327,1.01884247131034,1.32851920298644,0.880630994035274,1.245024458
3,12,D,0.1,0,0,0,0,2,4,0,0.947737487548052,0.936572437363067,1.00651240701688,1.32881515042959,0.851409732922833,1.178366833
3,12,D,0.2,0,0,0,0,2,4,0,0.947737487548052,0.936572437363067,1.00651240701688,1.32881515042959,0.851409732922833,1.289031917
3,12,D,0.5,0,0,0,0,2,4,0,0.947737487548052,0.936572437363067,1.00651240701688,1.32881515042959,0.851409732922833,1.626069
3,12,D,1,0,0,0,0,2,4,0,0.947737487548052,0.936572437363067,1.00651240701688,1.32881515042959,0.851409732922833,1.597579334
3,12,D,2,0,0,0,0,2,4,0,0.947737487548052,0.936572437363067,1.00651240701688,1.32881515042959,0.851409732922833,1.594049292
3,12,D,5,0,0,0,0,2,4,0,0.947737487548052,0.936572437363067,1.00651240701688,1.32881515042959,0.851409732922833,1.588390083
3,12,I,0,0,6,4,10,2,10,4,0.993721719911386,1,1.05923152071886,1.35094002182992,0.908966984634502,1.653694291
3,12,I,0.02,0,0,0,0,2,3,0,0.918329655810467,0.940779346379031,1.04765357428439,1.3897997977286,0.866609124167201,1.890272791
3,12,I,0.05,0,0,0,0,2,3,0,0.918329655810467,0.940779346379031,1.04765357428439,1.3897997977286,0.866609124167201,2.17728975
3,12,I,0.1,0,0,0,0,2,3,0,0.918329655810467,0.940779346379031,1.04912263734466,1.38501026110766,0.866573091443488,2.346334792
3,12,I,0.2,0,0,0,0,2,3,0,0.918329655810467,0.940779346379031,1.04765357428439,1.3897997977286,0.866609124167201,2.283633667
3,12,I,0.5,0,0,0,0,2,3,0,0.918329655810467,0.940779346379031,1.04765357428439,1.3897997977286,0.866609124167201,2.373814958
3,12,I,1,0,0,0,0,2,3,0,0.918329655810467,0.940779346379031,1.04912263734466,1.38501026110766,0.866573091443488,2.418193916
3,12,I,2,0,0,0,0,2,3,0,0.918329655810467,0.940779346379031,1.04912263734466,1.38501026110766,0.866573091443488,2.4059985
3,12,I,5,0,0,0,0,2,3,0,0.918329655810467,0.940779346379031,1.04912263734466,1.38501026110766,0.866573091443488,2.408322459
3,19,D,0,0,2,6,8,1,7,7,1,0.990643048877505,0.942123706326064,1.26273888791297,0.806514610586456,1.622498667
3,19,D,0.02,0,1,0,1,2,6,1,0.996012476532524,1,0.939359536311021,1.2496323069554,0.782728310197146,1.964690459
3,19,D,0.05,0,1,0,1,2,6,1,0.996012476532524,1,0.938051249840453,1.25358552579648,0.783724049482913,1.802613416
3,19,D,0.1,0,1,0,1,2,6,1,0.996012476532524,1,0.939359536311021,1.2496323069554,0.782728310197146,2.138823417
3,19,D,0.2,0,1,0,1,2,6,1,0.996012476532524,1,0.938051249840453,1.25358552579648,0.783724049482913,2.093889209
3,19,D,0.5,0,0,0,0,3,5,1,0.973586627289625,0.952217741741363,0.94016416896314,1.26892774084892,0.779370060072469,2.228120625
3,19,D,1,0,0,0,0,2,5,1,0.973586627289625,0.952217741741363,0.940812444248803,1.25829097978216,0.777648639724891,2.257845791
3,19,D,2,0,0,0,0,2,5,1,0.973586627289625,0.952217741741363,0.940812444248803,1.25829097978216,0.777648639724891,2.240644125
3,19,D,5,0,0,0,0,2,5,1,0.973586627289625,0.952217741741363,0.940812444248803,1.25829097978216,0.777648639724891,2.230557083
3,19,I,0,0,1,0,1,2,6,1,0.996012476532524,1,0.938051249840453,1.25358552579648,0.783724049482913,2.801475916
3,19,I,0.02,0,1,0,1,2,6,1,0.996012476532524,1,0.939359536311021,1.2496323069554,0.782728310197146,3.319210958
3,19,I,0.05,0,0,0,0,2,5,1,0.971774536040262,0.961853670948961,0.950183854206343,1.26266198893695,0.790070494686144,3.539433625
3,19,I,0.1,0,0,0,0,2,5,1,0.971774536040262,0.961853670948961,0.950183854206343,1.26266198893695,0.790070494686144,3.482282709
3,19,I,0.2,0,0,0,0,2,5,1,0.971774536040262,0.961853670948961,0.950183854206343,1.26266198893695,0.790070494686144,3.45038325
3,19,I,0.5,0,0,0,0,2,5,1,0.971774536040262,0.961853670948961,0.950183854206343,1.26266198893695,0.790070494686144,3.390205541
3,19,I,1,0,0,0,0,2,5,1,0.971774536040262,0.961853670948961,0.950183854206343,1.26266198893695,0.790070494686144,3.395466417
3,19,I,2,0,0,0,0,2,5,1,0.971774536040262,0.961853670948961,0.950183854206343,1.26266198893695,0.790070494686144,3.467048459
3,19,I,5,0,0,0,0,2,5,1,0.971774536040262,0.961853670948961,0.950183854206343,1.26266198893695,0.790070494686144,3.378811166
4,8,D,0,0,4,4,8,2,7,4,1,0.993793030136801,1.17977147652787,1.5713129158536,1.00846098344471,0.841172625
4,8,D,0.02,0,4,4,8,2,7,4,1,0.993793030136801,1.18104098853603,1.56033794907138,1.00875801222583,1.024158375
4,8,D,0.05,0,4,2,6,2,7,2,0.993638929915747,0.984928399200562,1.18494397894261,1.55518038243345,1.01587376812627,1.161348875
4,8,D,0.1,0,2,0,2,2,5,0,0.980102380447423,0.981415836580423,1.19964026895555,1.57045721548579,1.00538303449701,1.038393958
4,8,D,0.2,0,2,0,2,2,5,0,0.980102380447423,0.981415836580422,1.19791577923515,1.61094764084942,0.998697501639848,0.993540709
4,8,D,0.5,0,2,0,2,2,5,0,0.980102380447423,0.981415836580423,1.20181967585049,1.58042071219187,1.00097111424187,1.000731542
4,8,D,1,0,1,0,1,2,4,0,0.942682975607321,0.972674776208064,1.22445248207566,1.62855663646563,0.999566747150206,1.073307708
4,8,D,2,0,0,0,0,2,3,0,0.881193022136236,0.792774374633316,1.26857667038291,1.69089175430965,1.01423060745864,1.10454225
4,8,D,5,0,0,0,0,2,3,0,0.881193022136236,0.792774374633316,1.26020743731222,1.65193923801984,1.01196596800149,1.090682875
4,8,I,0,0,4,6,10,2,7,6,0.982711265436805,1,1.20656535782579,1.59133365909529,1.03686938335781,2.153656041
4,8,I,0.02,0,1,0,1,2,4,0,0.942682975607321,0.972674776208065,1.22971780600468,1.62390851117822,1.00466291129396,1.930509917
4,8,I,0.05,0,1,0,1,2,4,0,0.942682975607321,0.972674776208065,1.22971780600468,1.62390851117822,1.00466291129396,2.138947
4,8,I,0.1,0,1,0,1,2,4,0,0.942682975607321,0.972674776208065,1.22971780600468,1.62390851117822,1.00466291129396,2.026942833
4,8,I,0.2,0,0,0,0,2,3,0,0.876290902044313,0.826638992040568,1.25846467476256,1.68306583935007,1.00869176393268,1.97544825
4,8,I,0.5,0,0,0,0,0,3,0,0.876290902044313,0.826638992040568,1.27081315653315,1.68148575449419,1.01401086545331,1.999491083
4,8,I,1,0,0,0,0,0,3,0,0.876290902044313,0.826638992040568,1.27081315653315,1.68148575449419,1.01401086545331,1.987043792
4,8,I,2,0,0,0,0,0,3,0,0.876290902044313,0.826638992040568,1.27081315653315,1.68148575449419,1.01401086545331,2.019562875
4,8,I,5,0,0,0,0,0,3,0,0.876290902044313,0.826638992040568,1.27081315653315,1.68148575449419,1.01401086545331,2.047768916
4,12,D,0,0,6,8,14,2,9,8,1,1,0.990272929056099,1.28963009072882,0.896812218615164,0.963290709
4,12,D,0.02,0,6,6,12,2,9,6,0.998858393844336,0.997651687992563,0.972075662318677,1.27226277082725,0.869753401148796,1.09916875
4,12,D,0.05,0,6,6,12,2,9,6,0.998858393844336,0.997651687992563,0.972075662318677,1.27226277082725,0.869753401148796,1.199665792
4,12,D,0.1,0,2,0,2,2,6,0,0.95642540202099,0.91868723717718,0.952017533976803,1.21989964702756,0.798554859420105,1.523578625
4,12,D,0.2,0,2,0,2,2,6,0,0.95642540202099,0.91868723717718,0.952017533976803,1.21989964702756,0.798554859420105,1.366711084
4,12,D,0.5,0,0,0,0,2,4,0,0.911559985979709,0.85104261145435,0.971173763534986,1.2362702059197,0.802014976566103,1.359846042
4,12,D,1,0,0,0,0,2,4,0,0.906749222174142,0.837149917834516,0.986676674364632,1.2881437902321,0.822238343049683,1.644938875
4,12,D,2,0,0,0,0,2,4,0,0.906749222174142,0.837149917834516,0.986870092911591,1.27538433501255,0.822155297921203,1.616335959
4,12,D,5,0,0,0,0,2,4,0,0.906749222174142,0.837149917834516,0.986870092911591,1.27538433501255,0.822155297921203,1.606860334
4,12,I,0,0,6,8,14,2,9,8,1,1,0.993487306791546,1.28426030058065,0.901005935326786,1.909288708
4,12,I,0.02,0,2,0,2,2,6,0,0.95642540202099,0.91868723717718,0.952017533976803,1.21989964702756,0.798554859420105,2.347670958
4,12,I,0.05,0,0,0,0,2,4,0,0.911559985979709,0.85104261145435,0.971173763534986,1.2362702059197,0.802014976566103,2.385471084
4,12,I,0.1,0,0,0,0,2,4,0,0.911559985979709,0.85104261145435,0.971173763534986,1.2362702059197,0.802014976566103,2.808472833
4,12,I,0.2,0,0,0,0,2,4,0,0.911559985979709,0.85104261145435,0.971173763534986,1.2362702059197,0.802014976566103,2.778107917
4,12,I,0.5,0,0,0,0,2,4,0,0.911559985979709,0.85104261145435,0.971173763534986,1.2362702059197,0.802014976566103,3.008583208
4,12,I,1,0,0,0,0,2,4,0,0.883678294965694,0.844445579400634,1.01772265777203,1.33935770991974,0.817248482548386,2.96532725
4,12,I,2,0,0,0,0,2,4,0,0.883678294965694,0.844445579400634,1.01772265777203,1.33935770991974,0.817248482548386,2.941990375
4,12,I,5,0,0,0,0,2,4,0,0.883678294965694,0.844445579400634,1.01772265777203,1.33935770991974,0.817248482548386,2.963871417
4,19,D,0,0,4,0,4,2,9,1,1,0.992123469838715,0.861541737812741,1.13230342689838,0.671776134770601,1.737560375
4,19,D,0.02,0,4,0,4,2,9,1,1,0.992123469838715,0.861541737812741,1.13230342689838,0.671776134770601,1.989260084
4,19,D,0.05,0,3,0,3,3,8,1,0.998567394329929,0.99331180627187,0.85469745250229,1.13785977680662,0.683846265926713,2.159163208
4,19,D,0.1,0,1,0,1,2,6,1,0.987948335349441,0.996436855763635,0.86761015834158,1.11947485323023,0.69532482829811,2.256618292
4,19,D,0.2,0,1,0,1,2,6,1,0.987948335349441,0.996436855763635,0.86761015834158,1.11947485323023,0.69532482829811,2.351045958
4,19,D,0.5,0,0,0,0,2,5,1,0.962032654603959,0.921742691267913,0.891684085985,1.17029669106753,0.691793762085747,2.61527625
4,19,D,1,0,0,0,0,2,5,1,0.962032654603959,0.921742691267913,0.88892463500735,1.14652424122515,0.689616170001581,2.763170875
4,19,D,2,0,0,0,0,2,5,1,0.962032654603959,0.921742691267913,0.88892463500735,1.14652424122515,0.689616170001581,2.743928
4,19,D,5,0,0,0,0,2,5,1,0.962032654603959,0.921742691267913,0.88892463500735,1.14652424122515,0.689616170001581,2.740641125
4,19,I,0,0,2,2,4,2,7,3,0.996381212408236,1,0.858359005688749,1.1256248943643,0.670819334514454,3.179016958
4,19,I,0.02,0,1,0,1,2,6,1,0.987948335349441,0.996436855763635,0.86761015834158,1.11947485323023,0.69532482829811,4.069014708
4,19,I,0.05,0,1,0,1,2,6,1,0.987948335349441,0.996436855763635,0.86761015834158,1.11947485323023,0.69532482829811,4.404825833
4,19,I,0.1,0,0,0,0,2,5,1,0.956628922221975,0.935045652960671,0.873667273699161,1.13192895804358,0.693742460667524,4.652432167
4,19,I,0.2,0,0,0,0,2,5,1,0.956628922221975,0.935045652960671,0.873667273699161,1.13192895804358,0.693742460667524,4.801199625
4,19,I,0.5,0,0,0,0,2,5,1,0.956628922221975,0.935045652960671,0.876936616232266,1.13698771247844,0.694987312528862,4.865381833
4,19,I,1,0,0,0,0,2,5,1,0.956628922221975,0.935045652960671,0.876936616232266,1.13698771247844,0.694987312528862,4.759832458
4,19,I,2,0,0,0,0,2,5,1,0.956628922221975,0.935045652960671,0.873667273699161,1.13192895804358,0.693742460667524,4.76090775
4,19,I,5,0,0,0,0,2,5,1,0.956628922221975,0.935045652960671,0.873667273699161,1.13192895804358,0.693742460667524,4.778518667
5,8,D,0,0,4,4,8,2,7,4,1,0.942586203125971,1.39097421178578,1.85092966966827,1.13855463592875,1.094058708
5,8,D,0.02,0,4,4,8,2,7,4,1,0.942586203125972,1.38431543866987,1.83290516759727,1.13493625254793,1.365179583
5,8,D,0.05,0,4,4,8,2,7,4,1,0.942586203125972,1.37741563772607,1.8126683873092,1.13228100879456,1.291295291
5,8,D,0.1,0,4,4,8,2,7,4,1,0.942586203125972,1.38431543866987,1.83290516759727,1.13493625254793,1.245811166
5,8,D,0.2,0,2,0,2,2,5,0,0.967420348731577,0.846056134351081,1.45830206121813,1.96960645422175,1.1986242891113,1.199934375
5,8,D,0.5,0,2,0,2,2,5,0,0.967420348731577,0.846056134351082,1.46345641308302,1.97359954931193,1.19751523779866,1.28073525
5,8,D,1,0,1,0,1,2,4,0,0.929455388805935,0.848628719990635,1.45104212054754,1.89512729948734,1.14902321665901,1.379486959
5,8,D,2,0,0,0,0,2,3,0,0.862675788593926,0.617202017239328,1.55675239207415,2.09975786960148,1.14757522138653,1.356543625
5,8,D,5,0,0,0,0,2,3,0,0.862675788593926,0.617202017239328,1.55675239207415,2.09975786960148,1.14757522138653,1.373879583
5,8,I,0,0,4,6,10,2,7,6,0.981192979953243,1,1.39643184138758,1.84045809247385,1.1423348617916,6.610248208
5,8,I,0.02,0,1,0,1,2,4,0,0.929455388805935,0.848628719990635,1.45104212054754,1.89512729948734,1.14902321665901,8.593276041
5,8,I,0.05,0,1,0,1,2,4,0,0.929455388805935,0.848628719990635,1.45104212054754,1.89512729948734,1.14902321665901,6.794513542
5,8,I,0.1,0,1,0,1,2,4,0,0.929455388805935,0.848628719990635,1.44225516686591,1.93812564233478,1.14310126561056,7.174317417
5,8,I,0.2,0,1,0,1,2,4,0,0.929455388805935,0.848628719990635,1.44225516686591,1.93812564233478,1.14310126561056,6.979828292
5,8,I,0.5,0,0,0,0,2,3,0,0.834464972320234,0.664523597950394,1.56399343263305,2.08304464249895,1.12373755683008,7.390996333
5,8,I,1,0,0,0,0,2,3,0,0.834464972320234,0.664523597950394,1.571811470356,2.07969313642869,1.12510566856271,7.538735625
5,8,I,2,0,0,0,0,2,3,0,0.834464972320234,0.664523597950394,1.56399343263305,2.08304464249895,1.12373755683008,7.593270042
5,8,I,5,0,0,0,0,2,3,0,0.834464972320234,0.664523597950394,1.571811470356,2.07969313642869,1.12510566856271,7.544718166
5,12,D,0,0,6,6,12,2,10,6,1,0.988225180467566,0.945570528107605,1.18038746886099,0.833160881200883,1.245348958
5,12,D,0.02,0,6,6,12,2,10,6,1,0.988225180467566,0.945570528107605,1.18038746886099,0.833160881200883,1.50927175
5,12,D,0.05,0,6,4,10,2,10,4,0.99593594420723,1,0.932846653536534,1.16799419003586,0.818940246956503,1.533830584
5,12,D,0.1,0,6,4,10,2,10,4,0.99593594420723,1,0.932846653536534,1.16799419003586,0.818940246956503,1.485647458
5,12,D,0.2,0,2,0,2,2,6,0,0.952188878530904,0.838660741760642,0.962420660792976,1.1966281130778,0.79605671080508,1.629994125
5,12,D,0.5,0,2,0,2,2,6,0,0.952188878530904,0.838660741760642,0.962420660792976,1.1966281130778,0.79605671080508,1.598666292
5,12,D,1,0,0,0,0,2,4,0,0.88585026589439,0.622544862325742,1.03004523913526,1.29740631374462,0.805316416079516,1.665310875
5,12,D,2,0,0,0,0,2,4,0,0.88585026589439,0.622544862325742,1.03004523913526,1.29740631374462,0.805316416079516,1.944687833
5,12,D,5,0,0,0,0,2,4,0,0.88585026589439,0.622544862325742,1.03004523913526,1.29740631374462,0.805316416079516,1.909711125
5,12,I,0,0,6,4,10,2,10,4,0.99593594420723,1,0.932846653536534,1.16799419003586,0.818940246956503,8.994099584
5,12,I,0.02,0,2,0,2,2,6,0,0.862553905292322,0.87748444893179,1.0716441199824,1.37418090180368,0.872987506762864,9.857624291
5,12,I,0.05,0,2,0,2,2,6,0,0.862553905292322,0.87748444893179,1.0716441199824,1.37418090180368,0.872987506762864,9.174599083
5,12,I,0.1,0,0,0,0,2,4,0,0.826947395620577,0.755660198555415,1.07875365762685,1.38677726893898,0.816813621988917,9.874151875
5,12,I,0.2,0,0,0,0,2,4,0,0.772596519333077,0.749197818959011,1.16059012165194,1.50585132358211,0.88199836531499,10.760154916
5,12,I,0.5,0,0,0,0,2,4,0,0.772596519333077,0.749197818959011,1.16059012165194,1.50585132358211,0.88199836531499,10.845460833
5,12,I,1,0,0,0,0,2,4,0,0.772596519333077,0.749197818959011,1.16059012165194,1.50585132358211,0.88199836531499,11.008872542
5,12,I,2,0,0,0,0,2,4,0,0.772596519333077,0.749197818959011,1.16059012165194,1.50585132358211,0.88199836531499,10.932172416
5,12,I,5,0,0,0,0,2,4,0,0.772596519333077,0.749197818959011,1.16059012165194,1.50585132358211,0.88199836531499,11.066728167
5,19,D,0,0,1,2,3,2,6,3,1,0.993100781103154,0.881607856125296,1.12023020105817,0.690865654483034,2.568071459
5,19,D,0.02,0,1,0,1,2,6,1,0.999105474769437,1,0.882270996220026,1.11499406157268,0.690203771344745,2.94187025
5,19,D,0.05,0,1,0,1,2,6,1,0.999105474769437,1,0.882270996220026,1.11499406157268,0.690203771344745,3.099478834
5,19,D,0.1,0,1,0,1,2,6,1,0.999105474769437,1,0.882712828005218,1.12900618983763,0.690786451169808,2.601969333
5,19,D,0.2,0,1,0,1,2,6,1,0.999105474769437,1,0.882270996220026,1.11499406157268,0.690203771344745,2.643882667
5,19,D,0.5,0,1,0,1,2,6,1,0.999105474769437,1,0.882712828005218,1.12900618983763,0.690786451169808,2.810440458
5,19,D,1,0,0,0,0,2,5,1,0.963899177789908,0.866930362024428,0.903734357804343,1.15546247392852,0.703241743461657,3.198862333
5,19,D,2,0,0,0,0,2,5,1,0.963899177789908,0.866930362024428,0.903734357804343,1.15546247392852,0.703241743461657,3.364437584
5,19,D,5,0,0,0,0,2,5,1,0.963899177789908,0.866930362024428,0.902842049650555,1.15621132723055,0.701616661353174,3.332244708
5,19,I,0,0,1,0,1,2,6,1,0.999105474769437,1,0.882712828005218,1.12900618983763,0.690786451169808,12.56440775
5,19,I,0.02,0,1,0,1,2,6,1,0.999105474769437,1,0.882270996220026,1.11499406157268,0.690203771344745,14.888332792
5,19,I,0.05,0,1,0,1,2,6,1,0.999105474769437,1,0.882270996220026,1.11499406157268,0.690203771344745,16.518202833
5,19,I,0.1,0,0,0,0,2,5,1,0.930093599629828,0.910578287479229,0.938823051049974,1.22531945741351,0.701703409725499,15.502787709
5,19,I,0.2,0,0,0,0,2,5,1,0.930093599629828,0.910578287479229,0.9343702004746,1.21755415352204,0.699740107898519,15.38111
5,19,I,0.5,0,0,0,0,2,5,1,0.930093599629828,0.91057828747923,0.937379986174878,1.21879826690256,0.700348366060475,15.853243875
5,19,I,1,0,0,0,0,2,5,1,0.930093599629828,0.91057828747923,0.937379986174878,1.21879826690256,0.700348366060475,15.838940375
5,19,I,2,0,0,0,0,2,5,1,0.930093599629828,0.91057828747923,0.937379986174878,1.21879826690256,0.700348366060475,15.066931375
5,19,I,5,0,0,0,0,2,5,1,0.930093599629828,0.91057828747923,0.937379986174878,1.21879826690256,0.700348366060475,15.038121667
